Date,Series_title_1,Data_value,pct_change
1966-01-01,"Meat, poultry and fish",57.611752265,
1966-02-01,"Meat, poultry and fish",56.83918079,-0.013409963152072879
1966-03-01,"Meat, poultry and fish",56.83918079,0.0
1966-04-01,"Meat, poultry and fish",56.72881392,-0.0019417392802997258
1966-05-01,"Meat, poultry and fish",56.61844629,-0.001945530364086956
1966-06-01,"Meat, poultry and fish",56.67363011,0.0009746615037322659
1966-07-01,"Meat, poultry and fish",56.94954841,0.004868548202479062
1966-08-01,"Meat, poultry and fish",57.28065053,0.005813955145285377
1966-09-01,"Meat, poultry and fish",57.99803782,0.012524077212151763
1966-11-01,"Meat, poultry and fish",58.71542587,0.01236917794057879
1966-12-01,"Meat, poultry and fish",58.77060968,0.0009398519925953863
1967-01-01,"Meat, poultry and fish",59.129302949999996,0.006103276313671913
1967-02-01,"Meat, poultry and fish",59.76391528,0.010732619840565949
1967-03-01,"Meat, poultry and fish",59.70873147,-0.00092336336636345
1967-04-01,"Meat, poultry and fish",59.43281316,-0.0046210713777871115
1967-05-01,"Meat, poultry and fish",59.32244629,-0.0018570022876568393
1967-06-01,"Meat, poultry and fish",59.26726248,-0.0009302349018149858
1967-07-01,"Meat, poultry and fish",58.93616036,-0.005586593781208071
1967-08-01,"Meat, poultry and fish",59.04652799,0.001872664071188801
1967-09-01,"Meat, poultry and fish",59.21207867,0.002803732677187032
1967-11-01,"Meat, poultry and fish",58.54987443,-0.01118360062463919
1967-12-01,"Meat, poultry and fish",58.82579274,0.004712534615763708
1968-01-01,"Meat, poultry and fish",60.95036422,0.03611632552731159
1968-02-01,"Meat, poultry and fish",59.48799697,-0.02399275654402311
1968-03-01,"Meat, poultry and fish",59.54318079,0.0009276462952321207
1968-04-01,"Meat, poultry and fish",59.37763011,-0.0027803465955887896
1968-05-01,"Meat, poultry and fish",59.48799697,0.001858727938375715
1968-06-01,"Meat, poultry and fish",59.5983646,0.0018552924223631528
1968-07-01,"Meat, poultry and fish",59.70873147,0.0018518439346573157
1968-08-01,"Meat, poultry and fish",60.3709357,0.011090576096608462
1968-09-01,"Meat, poultry and fish",62.63346596,0.03747714415498127
1968-11-01,"Meat, poultry and fish",63.35085401,0.01145374982853653
1968-12-01,"Meat, poultry and fish",63.2956702,-0.0008710823376001375
1969-01-01,"Meat, poultry and fish",67.075751895,0.059721015403672695
1969-02-01,"Meat, poultry and fish",64.23379274,-0.04236939690886787
1969-03-01,"Meat, poultry and fish",65.22709909,0.015463921833490657
1969-04-01,"Meat, poultry and fish",65.9996702,0.01184432729307816
1969-05-01,"Meat, poultry and fish",66.11003782,0.0016722450228243702
1969-06-01,"Meat, poultry and fish",66.2755885,0.002504168587087241
1969-07-01,"Meat, poultry and fish",67.59999697,0.019983352844916702
1969-08-01,"Meat, poultry and fish",68.59330257,0.014693870481101046
1969-09-01,"Meat, poultry and fish",69.86252723,0.018503623713185924
1969-11-01,"Meat, poultry and fish",70.57991528,0.010268567119512184
1969-12-01,"Meat, poultry and fish",70.41436384,-0.002345588533837706
1970-01-01,"Meat, poultry and fish",73.752975795,0.04741379134783075
1970-02-01,"Meat, poultry and fish",70.57991528,-0.04302281339562053
1970-03-01,"Meat, poultry and fish",71.51803707,0.013291625333897938
1970-04-01,"Meat, poultry and fish",72.34579274,0.011574082621839787
1970-05-01,"Meat, poultry and fish",73.33909834,0.013729970498350896
1970-06-01,"Meat, poultry and fish",74.8842413,0.021068475001379428
1970-07-01,"Meat, poultry and fish",75.04979198,0.0022107545876943746
1970-08-01,"Meat, poultry and fish",76.15346596,0.01470588992830435
1970-09-01,"Meat, poultry and fish",76.76048638,0.007971015006970728
1970-11-01,"Meat, poultry and fish",77.36750605,0.007907970606061188
1970-12-01,"Meat, poultry and fish",77.03640469,-0.004279592000626553
1971-01-01,"Meat, poultry and fish",78.885057485,0.023997132296595503
1971-02-01,"Meat, poultry and fish",77.14677156,-0.022035680525814838
1971-03-01,"Meat, poultry and fish",77.36750605,0.0028612278328241647
1971-04-01,"Meat, poultry and fish",77.80897579,0.00570613895340899
1971-05-01,"Meat, poultry and fish",78.02971029,0.0028368770795252907
1971-06-01,"Meat, poultry and fish",78.25044478,0.002828851846042202
1971-07-01,"Meat, poultry and fish",78.74709834,0.006346974274668016
1971-08-01,"Meat, poultry and fish",79.79558775,0.013314641835728613
1971-09-01,"Meat, poultry and fish",80.18187368,0.0048409434768528214
1971-11-01,"Meat, poultry and fish",80.56815961,0.0048176216427873175
1971-12-01,"Meat, poultry and fish",80.40260817,-0.0020547998216835506
1972-01-01,"Meat, poultry and fish",84.21028139,0.04735758337527085
1972-02-01,"Meat, poultry and fish",81.23036309,-0.035386632734300205
1972-03-01,"Meat, poultry and fish",81.17518003,-0.0006793403094708106
1972-04-01,"Meat, poultry and fish",81.61664902,0.005438472570517661
1972-05-01,"Meat, poultry and fish",81.78220045,0.0020284026848425007
1972-06-01,"Meat, poultry and fish",82.49958775,0.008771924649283447
1972-07-01,"Meat, poultry and fish",82.83068986,0.0040133789638239215
1972-08-01,"Meat, poultry and fish",84.32064902,0.017988008581339976
1972-09-01,"Meat, poultry and fish",85.53468986,0.014397906729963994
1972-11-01,"Meat, poultry and fish",88.29387292,0.03225805885911459
1972-12-01,"Meat, poultry and fish",89.94938351,0.01875000535427862
1973-01-01,"Meat, poultry and fish",103.496974265,0.15061349201458252
1973-02-01,"Meat, poultry and fish",94.47444402,-0.08717675380439782
1973-03-01,"Meat, poultry and fish",98.83395461,0.04614486632043158
1973-04-01,"Meat, poultry and fish",101.0964849,0.022892236771542285
1973-05-01,"Meat, poultry and fish",102.2001581,0.01091702843171749
1973-06-01,"Meat, poultry and fish",102.8071785,0.005939525058327844
1973-07-01,"Meat, poultry and fish",104.0212194,0.011808911767771102
1973-08-01,"Meat, poultry and fish",108.6014644,0.044031833374181595
1973-09-01,"Meat, poultry and fish",116.0512595,0.06859755659059052
1973-11-01,"Meat, poultry and fish",116.0512595,0.0
1973-12-01,"Meat, poultry and fish",116.2168109,0.0014265368658061828
1974-01-01,"Meat, poultry and fish",115.22350455,-0.008547010904082497
1974-02-01,"Meat, poultry and fish",116.2168109,0.008620692053060708
1974-03-01,"Meat, poultry and fish",116.2168109,0.0
1974-04-01,"Meat, poultry and fish",116.9341982,0.006172835878427874
1974-05-01,"Meat, poultry and fish",115.7201573,-0.010382257018802576
1974-06-01,"Meat, poultry and fish",114.6164841,-0.009537432593863304
1974-07-01,"Meat, poultry and fish",114.285382,-0.002888782556888736
1974-08-01,"Meat, poultry and fish",115.00277,0.006277163250852258
1974-09-01,"Meat, poultry and fish",114.8924024,-0.0009596951447343738
1974-11-01,"Meat, poultry and fish",112.5746884,-0.020172909187944676
1974-12-01,"Meat, poultry and fish",110.8088109,-0.015686274819837753
1975-01-01,"Meat, poultry and fish",116.28634225,0.04943227262806049
1975-02-01,"Meat, poultry and fish",109.2080431,-0.060869565703447925
1975-03-01,"Meat, poultry and fish",109.9945204,0.00720164264164902
1975-04-01,"Meat, poultry and fish",110.2192284,0.0020429017662229043
1975-05-01,"Meat, poultry and fish",110.4439365,0.002038737734440632
1975-06-01,"Meat, poultry and fish",109.0956891,-0.01220752757214516
1975-07-01,"Meat, poultry and fish",109.5451051,0.004119466165047658
1975-08-01,"Meat, poultry and fish",113.0280772,0.03179486748239935
1975-09-01,"Meat, poultry and fish",119.8816687,0.06063618589098674
1975-11-01,"Meat, poultry and fish",124.6005348,0.03936269949502291
1975-12-01,"Meat, poultry and fish",125.2746581,0.005410276136310621
1976-01-01,"Meat, poultry and fish",133.588851,0.06636771575431677
1976-02-01,"Meat, poultry and fish",126.0611362,-0.05634987308933437
1976-03-01,"Meat, poultry and fish",128.8699849,0.022281638772029266
1976-04-01,"Meat, poultry and fish",128.4205688,-0.0034873605389860174
1976-05-01,"Meat, poultry and fish",128.8699849,0.003499564783114195
1976-06-01,"Meat, poultry and fish",128.6452769,-0.0017436798815050336
1976-07-01,"Meat, poultry and fish",128.1958608,-0.003493452000957298
1976-08-01,"Meat, poultry and fish",131.3417716,0.024539878123740477
1976-09-01,"Meat, poultry and fish",140.1053805,0.06672369949972579
1976-11-01,"Meat, poultry and fish",140.4424418,0.002405769848360828
1976-12-01,"Meat, poultry and fish",139.0941944,-0.009599999706071949
1977-01-01,"Meat, poultry and fish",148.7004576,0.06906300612644412
1977-02-01,"Meat, poultry and fish",144.0377685,-0.031356252531128725
1977-03-01,"Meat, poultry and fish",145.0489539,0.0070202795456386635
1977-04-01,"Meat, poultry and fish",145.0489539,0.0
1977-05-01,"Meat, poultry and fish",146.397202,0.00929512460275661
1977-06-01,"Meat, poultry and fish",147.2960333,0.00613967540171978
1977-07-01,"Meat, poultry and fish",148.4195726,0.0076277634558676866
1977-08-01,"Meat, poultry and fish",151.4531293,0.020439061013708848
1977-09-01,"Meat, poultry and fish",154.3743321,0.019287833889609862
1977-11-01,"Meat, poultry and fish",154.5990401,0.0014556046782079335
1977-12-01,"Meat, poultry and fish",153.1384387,-0.00944767444257888
1978-01-01,"Meat, poultry and fish",165.13744780000002,0.07835399917786945
1978-02-01,"Meat, poultry and fish",151.7937867,-0.08080336276094502
1978-03-01,"Meat, poultry and fish",151.176739,-0.004065039244455448
1978-04-01,"Meat, poultry and fish",153.1821445,0.013265304657748889
1978-05-01,"Meat, poultry and fish",155.0332882,0.01208459188270461
1978-06-01,"Meat, poultry and fish",159.5068858,0.028855722870489986
1978-07-01,"Meat, poultry and fish",162.4378631,0.018375239948418498
1978-08-01,"Meat, poultry and fish",167.5285083,0.0313390308321535
1978-09-01,"Meat, poultry and fish",175.0873457,0.04511970814223498
1978-11-01,"Meat, poultry and fish",180.3322526,0.029955945011507668
1978-12-01,"Meat, poultry and fish",180.0237284,-0.001710865336354117
1979-01-01,"Meat, poultry and fish",205.39982414999997,0.14095972778441768
1979-02-01,"Meat, poultry and fish",184.6515885,-0.10101389198292543
1979-03-01,"Meat, poultry and fish",190.8220673,0.033416873638213884
1979-04-01,"Meat, poultry and fish",205.9397413,0.07922392946426293
1979-05-01,"Meat, poultry and fish",211.3389107,0.026217229204609005
1979-06-01,"Meat, poultry and fish",212.4187443,0.005109487866779228
1979-07-01,"Meat, poultry and fish",215.1954599,0.013071895369452191
1979-08-01,"Meat, poultry and fish",217.3551278,0.010035843232954589
1979-09-01,"Meat, poultry and fish",221.0574153,0.017033357057058662
1979-11-01,"Meat, poultry and fish",231.54723,0.04745289673166653
1979-12-01,"Meat, poultry and fish",235.0952549,0.015323115288401246
1980-01-01,"Meat, poultry and fish",252.44972765,0.07381889846046397
1980-02-01,"Meat, poultry and fish",241.8827821,-0.04185762309337948
1980-03-01,"Meat, poultry and fish",247.7447375,0.02423469479351592
1980-04-01,"Meat, poultry and fish",247.590475,-0.0006226671111430049
1980-05-01,"Meat, poultry and fish",247.590475,0.0
1980-06-01,"Meat, poultry and fish",245.4308079,-0.008722739031055249
1980-07-01,"Meat, poultry and fish",247.8989992,0.010056566741228679
1980-08-01,"Meat, poultry and fish",253.4524304,0.022401991205779792
1980-09-01,"Meat, poultry and fish",259.4686475,0.02373706612520987
1980-11-01,"Meat, poultry and fish",270.4212481,0.04221165333665233
1980-12-01,"Meat, poultry and fish",267.0274849,-0.012549913232946186
1981-01-01,"Meat, poultry and fish",286.6158253,0.07335701943691553
1981-02-01,"Meat, poultry and fish",271.770115,-0.051796547816091554
1981-03-01,"Meat, poultry and fish",274.9799985,0.011811024549185811
1981-04-01,"Meat, poultry and fish",275.782469,0.002918286800412284
1981-05-01,"Meat, poultry and fish",274.7125076,-0.0038797295704826595
1981-06-01,"Meat, poultry and fish",277.9223911,0.011684518946890599
1981-07-01,"Meat, poultry and fish",283.807177,0.021174205779924238
1981-08-01,"Meat, poultry and fish",288.0870212,0.015080112649864308
1981-09-01,"Meat, poultry and fish",293.9718071,0.020427112181199414
1981-11-01,"Meat, poultry and fish",303.6014569,0.03275705209623836
1981-12-01,"Meat, poultry and fish",304.136438,0.0017621163793564154
1982-01-01,"Meat, poultry and fish",314.03357755,0.03254177505031475
1982-02-01,"Meat, poultry and fish",307.0788306,-0.02214650740299484
1982-03-01,"Meat, poultry and fish",310.0212239,0.009581882587773594
1982-04-01,"Meat, poultry and fish",311.6261649,0.005176874601713344
1982-05-01,"Meat, poultry and fish",311.8936558,0.0008583711194014576
1982-06-01,"Meat, poultry and fish",315.9060098,0.012864493795837095
1982-07-01,"Meat, poultry and fish",314.8360484,-0.003386961206206296
1982-08-01,"Meat, poultry and fish",318.0459319,0.010195412870644072
1982-09-01,"Meat, poultry and fish",321.5233056,0.010933558178927827
1982-11-01,"Meat, poultry and fish",323.3957368,0.005823625122620024
1982-12-01,"Meat, poultry and fish",320.9883245,-0.007444168323990197
1983-01-01,"Meat, poultry and fish",334.49658354999997,0.04208333456066238
1983-02-01,"Meat, poultry and fish",321.2558147,-0.03958416767512596
1983-03-01,"Meat, poultry and fish",318.5809123,-0.008326393726127201
1983-04-01,"Meat, poultry and fish",321.7907958,0.010075567543661679
1983-05-01,"Meat, poultry and fish",325.2681687,0.010806315610597084
1983-06-01,"Meat, poultry and fish",328.7455424,0.010690790045327914
1983-07-01,"Meat, poultry and fish",333.0253865,0.013018713710169605
1983-08-01,"Meat, poultry and fish",341.5850756,0.025702812599242897
1983-09-01,"Meat, poultry and fish",348.0048419,0.01879404797977058
1983-11-01,"Meat, poultry and fish",351.4822156,0.009992314132799551
1983-12-01,"Meat, poultry and fish",347.2023714,-0.012176559751946647
1984-01-01,"Meat, poultry and fish",358.25052195,0.031820492773281694
1984-02-01,"Meat, poultry and fish",345.1501861,-0.03656752760245352
1984-03-01,"Meat, poultry and fish",346.5475552,0.00404858278012088
1984-04-01,"Meat, poultry and fish",347.9449244,0.004032258138983336
1984-05-01,"Meat, poultry and fish",348.2942663,0.0010040149331174142
1984-06-01,"Meat, poultry and fish",348.6436089,0.001003009908004282
1984-07-01,"Meat, poultry and fish",350.0409781,0.004008016106788359
1984-08-01,"Meat, poultry and fish",358.075851,0.022954092242607693
1984-09-01,"Meat, poultry and fish",363.3159849,0.01463414493148818
1984-11-01,"Meat, poultry and fish",368.2067769,0.013461538174121879
1984-12-01,"Meat, poultry and fish",371.0015159,0.0075901346073241616
1985-01-01,"Meat, poultry and fish",387.4206036,0.04425612024837555
1985-02-01,"Meat, poultry and fish",381.1324418,-0.016230839923248808
1985-03-01,"Meat, poultry and fish",384.9752073,0.010082493848730278
1985-04-01,"Meat, poultry and fish",387.7699455,0.007259527748814554
1985-05-01,"Meat, poultry and fish",387.7699455,0.0
1985-06-01,"Meat, poultry and fish",393.3594221,0.014414414177439161
1985-07-01,"Meat, poultry and fish",397.9008722,0.011545293807263768
1985-08-01,"Meat, poultry and fish",401.394295,0.008779630918336112
1985-09-01,"Meat, poultry and fish",402.0929796,0.0017406440716851712
1985-11-01,"Meat, poultry and fish",394.4074493,-0.019113813694647264
1985-12-01,"Meat, poultry and fish",393.0100802,-0.003542958183168299
1986-01-01,"Meat, poultry and fish",417.81338274999996,0.06311111037502593
1986-02-01,"Meat, poultry and fish",395.1061339,-0.05434782557835627
1986-03-01,"Meat, poultry and fish",394.7567912,-0.0008841743269123459
1986-04-01,"Meat, poultry and fish",393.0100802,-0.004424777581888528
1986-05-01,"Meat, poultry and fish",379.036388,-0.0355555567248782
1986-06-01,"Meat, poultry and fish",372.7482269,-0.01658986128793516
1986-07-01,"Meat, poultry and fish",370.6521732,-0.005623242576985765
1986-08-01,"Meat, poultry and fish",377.9883616,0.019792649093794745
1986-09-01,"Meat, poultry and fish",392.6607375,0.038817004412233125
1986-11-01,"Meat, poultry and fish",448.5555045,0.14234875469310193
1986-12-01,"Meat, poultry and fish",452.0489274,0.007788161921887804
1987-01-01,"Meat, poultry and fish",460.60781355,0.01893353933882147
1987-02-01,"Meat, poultry and fish",450.6515582,-0.021615472115561918
1987-03-01,"Meat, poultry and fish",451.6995855,0.0023255823283647725
1987-04-01,"Meat, poultry and fish",455.5423502,0.008507346084336787
1987-05-01,"Meat, poultry and fish",455.8916929,0.0007668720588693834
1987-06-01,"Meat, poultry and fish",457.289062,0.0030651339380876053
1987-07-01,"Meat, poultry and fish",458.3370893,0.0022918267395601877
1987-08-01,"Meat, poultry and fish",460.7824849,0.005335364859376135
1987-09-01,"Meat, poultry and fish",467.7693306,0.015163001912966267
1987-11-01,"Meat, poultry and fish",469.5160424,0.003734130661707802
1987-12-01,"Meat, poultry and fish",467.070646,-0.005208334069907394
1988-01-01,"Meat, poultry and fish",476.3282167,0.01982049349339743
1988-02-01,"Meat, poultry and fish",468.4680151,-0.01650165017402372
1988-03-01,"Meat, poultry and fish",469.1666997,0.0014914243395054427
1988-04-01,"Meat, poultry and fish",467.7693306,-0.002978406397754818
1988-05-01,"Meat, poultry and fish",466.0226195,-0.003734129165243627
1988-06-01,"Meat, poultry and fish",464.2759077,-0.003748126650749417
1988-07-01,"Meat, poultry and fish",467.4199887,0.006772009806788271
1988-08-01,"Meat, poultry and fish",474.4068343,0.01494768253157508
1988-09-01,"Meat, poultry and fish",477.5509153,0.006627393984825591
1988-11-01,"Meat, poultry and fish",486.9831573,0.019751280330129184
1988-12-01,"Meat, poultry and fish",484.537761,-0.005021521305907495
1989-01-01,"Meat, poultry and fish",545.58951855,0.12599999930655548
1989-02-01,"Meat, poultry and fish",501.0120446,-0.08170515091358876
1989-03-01,"Meat, poultry and fish",502.4656581,0.0029013543998936964
1989-04-01,"Meat, poultry and fish",506.3419599,0.007714560662031467
1989-05-01,"Meat, poultry and fish",508.764649,0.004784689581085688
1989-06-01,"Meat, poultry and fish",514.0945643,0.010476190337666225
1989-07-01,"Meat, poultry and fish",543.1668298,0.056550423830264096
1989-08-01,"Meat, poultry and fish",557.2184251,0.025869759582288987
1989-09-01,"Meat, poultry and fish",584.8370772,0.0495652168986398
1989-11-01,"Meat, poultry and fish",603.2495121,0.03148301572833323
1989-12-01,"Meat, poultry and fish",598.8886725,-0.007228915254020252
1990-01-01,"Meat, poultry and fish",604.70312595,0.009708738396617456
1990-02-01,"Meat, poultry and fish",593.5587572,-0.018429487581186232
1990-03-01,"Meat, poultry and fish",592.5896815,-0.001632653361179237
1990-04-01,"Meat, poultry and fish",597.9195968,0.008994276252850986
1990-05-01,"Meat, poultry and fish",597.9195968,0.0
1990-06-01,"Meat, poultry and fish",599.3732103,0.002431118678463795
1990-07-01,"Meat, poultry and fish",603.2495121,0.006467259018900329
1990-08-01,"Meat, poultry and fish",604.2185877,0.0016064258330297232
1990-09-01,"Meat, poultry and fish",610.0330408,0.009623095380321134
1990-11-01,"Meat, poultry and fish",608.0948903,-0.0031771238119467915
1990-12-01,"Meat, poultry and fish",601.3113616,-0.011155378557207274
1991-01-01,"Meat, poultry and fish",597.6773278999999,-0.006043514112772708
1991-02-01,"Meat, poultry and fish",602.2804365,0.007701661724686115
1991-03-01,"Meat, poultry and fish",601.3113616,-0.0016090094269564092
1991-04-01,"Meat, poultry and fish",599.3732103,-0.003223207515725246
1991-05-01,"Meat, poultry and fish",595.4969085,-0.00646725901890044
1991-06-01,"Meat, poultry and fish",598.4041346,0.004882017116298876
1991-07-01,"Meat, poultry and fish",595.9814463,-0.00404858215363002
1991-08-01,"Meat, poultry and fish",596.4659834,0.0008130070206180395
1991-09-01,"Meat, poultry and fish",595.9814463,-0.0008123465771476823
1991-11-01,"Meat, poultry and fish",593.5587572,-0.004065041143546888
1991-12-01,"Meat, poultry and fish",581.929851,-0.019591836627694814
1992-01-01,"Meat, poultry and fish",603.4917814,0.0370524563449488
1992-02-01,"Meat, poultry and fish",589.6824554,-0.02288237624042655
1992-03-01,"Meat, poultry and fish",589.6824554,0.0
1992-04-01,"Meat, poultry and fish",587.7443041,-0.0032867711804063227
1992-05-01,"Meat, poultry and fish",588.7133797,0.001648804749344146
1992-06-01,"Meat, poultry and fish",590.6515303,0.0032921803152963225
1992-07-01,"Meat, poultry and fish",594.043295,0.005742412447957701
1992-08-01,"Meat, poultry and fish",600.8268238,0.01141924983767395
1992-09-01,"Meat, poultry and fish",608.5794274,0.01290322484433637
1992-11-01,"Meat, poultry and fish",624.0846362,0.025477707759925527
1992-12-01,"Meat, poultry and fish",620.6928714,-0.005434783366327078
1993-01-01,"Meat, poultry and fish",626.5073249,0.009367682098370578
1993-02-01,"Meat, poultry and fish",624.569174,-0.003093580590313727
1993-03-01,"Meat, poultry and fish",619.2392587,-0.008533746976119416
1993-04-01,"Meat, poultry and fish",627.960938,0.014084506396299545
1993-05-01,"Meat, poultry and fish",617.3011074,-0.016975308422767066
1993-06-01,"Meat, poultry and fish",613.9093434,-0.005494504965794844
1993-07-01,"Meat, poultry and fish",626.0227874,0.01973164951833506
1993-08-01,"Meat, poultry and fish",628.4454758,0.003869968392144374
1993-09-01,"Meat, poultry and fish",633.2908533,0.007710100058930136
1993-11-01,"Meat, poultry and fish",630.8681649,-0.0038255540678909794
1993-12-01,"Meat, poultry and fish",620.2083343,-0.016897081186034613
1994-01-01,"Meat, poultry and fish",609.3546883500001,-0.017500000160833085
1994-02-01,"Meat, poultry and fish",612.1456256,0.004580152255096559
1994-03-01,"Meat, poultry and fish",611.5254175,-0.0010131708437711717
1994-04-01,"Meat, poultry and fish",606.5637504,-0.008113590961245642
1994-05-01,"Meat, poultry and fish",602.222292,-0.007157464317867679
1994-06-01,"Meat, poultry and fish",602.222292,0.0
1994-07-01,"Meat, poultry and fish",599.7414592,-0.004119463581730098
1994-08-01,"Meat, poultry and fish",599.7414592,0.0
1994-09-01,"Meat, poultry and fish",597.2606256,-0.004136505092226184
1994-11-01,"Meat, poultry and fish",599.7414592,0.004153686838987092
1994-12-01,"Meat, poultry and fish",597.8808336,-0.0031023794861237963
1995-01-01,"Meat, poultry and fish",579.894792,-0.030082987426944485
1995-02-01,"Meat, poultry and fish",580.5150008,0.0010695195207064412
1995-03-01,"Meat, poultry and fish",580.5150008,0.0
1995-04-01,"Meat, poultry and fish",578.0341672,-0.004273504726977406
1995-05-01,"Meat, poultry and fish",574.9331256,-0.005364806746669282
1995-06-01,"Meat, poultry and fish",573.0725008,-0.0032362456034488174
1995-07-01,"Meat, poultry and fish",563.7693759,-0.01623376603660609
1995-08-01,"Meat, poultry and fish",557.567292,-0.011001101097588117
1995-09-01,"Meat, poultry and fish",562.5289592,0.008898777369458877
1995-11-01,"Meat, poultry and fish",571.832084,0.01653803710520152
1995-12-01,"Meat, poultry and fish",573.6927088,0.0032537957418983243
1996-01-01,"Meat, poultry and fish",571.2118756,-0.004324324088394227
1996-02-01,"Meat, poultry and fish",564.389584,-0.011943539501579559
1996-03-01,"Meat, poultry and fish",565.009792,0.0010989005069943492
1996-04-01,"Meat, poultry and fish",561.2885424,-0.006586168333167497
1996-05-01,"Meat, poultry and fish",565.009792,0.006629833532835638
1996-06-01,"Meat, poultry and fish",565.009792,0.0
1996-07-01,"Meat, poultry and fish",561.9087504,-0.005488474082941064
1996-08-01,"Meat, poultry and fish",571.832084,0.01766004461211179
1996-09-01,"Meat, poultry and fish",581.7554175,0.017353579446934386
1996-11-01,"Meat, poultry and fish",576.7937504,-0.008528785380842674
1996-12-01,"Meat, poultry and fish",574.3129175,-0.00430107451455497
1997-01-01,"Meat, poultry and fish",582.3756256,0.014038876463195793
1997-02-01,"Meat, poultry and fish",574.9331256,-0.01277955270248865
1997-03-01,"Meat, poultry and fish",589.8181256,0.025889967610521758
1997-04-01,"Meat, poultry and fish",573.6927088,-0.027339642679845122
1997-05-01,"Meat, poultry and fish",580.5150008,0.011891892463249842
1997-06-01,"Meat, poultry and fish",581.7554175,0.0021367521912276644
1997-07-01,"Meat, poultry and fish",586.0968759,0.0074626866710698625
1997-08-01,"Meat, poultry and fish",579.894792,-0.01058201153260907
1997-09-01,"Meat, poultry and fish",586.717084,0.01176470645040717
1997-11-01,"Meat, poultry and fish",587.337292,0.0010570818830972772
1997-12-01,"Meat, poultry and fish",582.9958336,-0.0073917635728808495
1998-01-01,"Meat, poultry and fish",606.8738548,0.04095744741871177
1998-02-01,"Meat, poultry and fish",592.2989592,-0.02401635114896039
1998-03-01,"Meat, poultry and fish",587.9575008,-0.007329843033767713
1998-04-01,"Meat, poultry and fish",600.3616672,0.02109704593124917
1998-05-01,"Meat, poultry and fish",597.2606256,-0.0051652891405655765
1998-06-01,"Meat, poultry and fish",602.222292,0.008307372338525632
1998-07-01,"Meat, poultry and fish",604.7031256,0.004119464910143256
1998-08-01,"Meat, poultry and fish",616.487084,0.019487179578090652
1998-09-01,"Meat, poultry and fish",623.3093759,0.011066398756863549
1998-11-01,"Meat, poultry and fish",615.2466672,-0.012935323952664946
1998-12-01,"Meat, poultry and fish",616.487084,0.0020161292472256065
1999-01-01,Non-alcoholic beverages,679.9398948,
1999-01-01,"Meat, poultry and fish",623.2665813,0.010996981892973379
1999-01-01,Fruit and vegetables,511.9945168,
1999-01-01,Grocery food,700.8750994,
1999-02-01,"Meat, poultry and fish",617.107292,-0.00988227106153039
1999-03-01,"Meat, poultry and fish",608.4243759,-0.014070350832931067
1999-04-01,"Meat, poultry and fish",617.107292,0.014271150933353072
1999-05-01,"Meat, poultry and fish",610.9052088,-0.010050251034790958
1999-06-01,Fruit and vegetables,566.8265936,0.10709504692101812
1999-06-01,Grocery food,696.8973747,-0.005675368840190154
1999-06-01,"Meat, poultry and fish",616.487084,0.009137056157966672
1999-06-01,Non-alcoholic beverages,670.9241172,-0.01325966849268645
1999-07-01,Non-alcoholic beverages,686.701728,0.023516237373975235
1999-07-01,"Meat, poultry and fish",616.487084,0.0
1999-07-01,Fruit and vegetables,558.601782,-0.014510278262992338
1999-07-01,Grocery food,703.2617343,0.00913242011098081
1999-08-01,Fruit and vegetables,544.2083619,-0.025766871076684073
1999-08-01,Grocery food,699.2840095,-0.0056561086804463034
1999-08-01,"Meat, poultry and fish",624.501416,0.012999999850767274
1999-08-01,Non-alcoholic beverages,672.4267468,-0.02078774614646073
1999-09-01,Fruit and vegetables,537.3543523,-0.012594458446155699
1999-09-01,Grocery food,700.0795545,0.0011376565017822138
1999-09-01,"Meat, poultry and fish",633.1322352,0.013820335677189322
1999-09-01,Non-alcoholic beverages,682.945154,0.01564245808194853
1999-11-01,Non-alcoholic beverages,685.9504132,0.004400440038849762
1999-11-01,"Meat, poultry and fish",639.913593,0.010710807984461335
1999-11-01,Fruit and vegetables,511.3091158,-0.048469387822989374
1999-11-01,Grocery food,704.0572792,0.005681818122571736
1999-12-01,Fruit and vegetables,519.5339273,0.01608579085692874
1999-12-01,Grocery food,696.8973747,-0.010169491476795245
1999-12-01,"Meat, poultry and fish",628.2003389,-0.018304430829616636
1999-12-01,Non-alcoholic beverages,681.4425244,-0.006571741503836104
2000-01-01,Non-alcoholic beverages,678.0616078,-0.004961411240040903
2000-01-01,Fruit and vegetables,576.7649074999999,0.11015831150321098
2000-01-01,Grocery food,707.23945905,0.014840182680343927
2000-01-01,"Meat, poultry and fish",647.31143795,0.030421981439016976
2000-02-01,Non-alcoholic beverages,682.1938392,0.006094182818294547
2000-02-01,"Meat, poultry and fish",639.913593,-0.011428571343383931
2000-02-01,Fruit and vegetables,538.7251542,-0.06595365426250366
2000-02-01,Grocery food,704.8528242,-0.0033745781848850687
2000-03-01,"Meat, poultry and fish",631.899261,-0.012524084638408262
2000-03-01,Fruit and vegetables,546.2645648,0.013994911025077217
2000-03-01,Grocery food,705.6483691,0.0011286681030227008
2000-03-01,Non-alcoholic beverages,681.4425244,-0.0011013215846115143
2000-04-01,Non-alcoholic beverages,685.9504132,0.00661521498672113
2000-04-01,"Meat, poultry and fish",630.6662867,-0.001951219721398001
2000-04-01,Grocery food,697.6929196,-0.011273957183726702
2000-04-01,Fruit and vegetables,542.152159,-0.007528230943381176
2000-05-01,Non-alcoholic beverages,679.18858,-0.009857612255754211
2000-05-01,"Meat, poultry and fish",640.5300802,0.015640273957900908
2000-05-01,Fruit and vegetables,529.1295408,-0.024020227502220437
2000-05-01,Grocery food,700.8750994,0.004561003430885391
2000-06-01,Fruit and vegetables,572.3098012,0.0816062175147414
2000-06-01,Grocery food,704.8528242,0.005675368982869022
2000-06-01,"Meat, poultry and fish",644.8454902,0.006737247997240736
2000-06-01,Non-alcoholic beverages,670.9241172,-0.01216814157858781
2000-07-01,Fruit and vegetables,562.0287868,-0.017964071868842968
2000-07-01,Grocery food,708.8305489,0.005643340798860752
2000-07-01,"Meat, poultry and fish",648.5444123,0.00573613703780862
2000-07-01,Non-alcoholic beverages,664.162284,-0.010078387445989323
2000-08-01,Non-alcoholic beverages,674.6806912,0.015837104053321838
2000-08-01,"Meat, poultry and fish",657.7917186,0.014258555196251521
2000-08-01,Fruit and vegetables,562.0287868,0.0
2000-08-01,Grocery food,702.4661893,-0.00897867566497601
2000-09-01,Fruit and vegetables,551.7477724,-0.018292682939848315
2000-09-01,Grocery food,707.239459,0.006795017002535708
2000-09-01,"Meat, poultry and fish",668.8884864,0.01686972864848113
2000-09-01,Non-alcoholic beverages,676.1833208,0.0022271714895640837
2000-11-01,"Meat, poultry and fish",673.8203828,0.007373271479889976
2000-11-01,Non-alcoholic beverages,676.1833208,0.0
2000-11-01,Grocery food,710.4216388,0.0044994375801648
2000-11-01,Fruit and vegetables,592.1864291,0.07329192562771825
2000-12-01,Fruit and vegetables,605.2090473,0.021990740685820187
2000-12-01,Grocery food,712.8082737,0.0033594625637125564
2000-12-01,"Meat, poultry and fish",684.9171505,0.016468435777927226
2000-12-01,Non-alcoholic beverages,673.9293764,-0.003333333329389676
2001-01-01,Fruit and vegetables,635.02398905,0.04926387317409153
2001-01-01,Grocery food,739.8568018999999,0.03794642851099095
2001-01-01,"Meat, poultry and fish",724.9888105,0.058505849898410345
2001-01-01,Non-alcoholic beverages,689.7069872,0.023411371209667298
2001-02-01,Non-alcoholic beverages,681.4425244,-0.01198257079220133
2001-02-01,Fruit and vegetables,665.5243317,0.048030221182082666
2001-02-01,Grocery food,719.9681782,-0.026881720420660726
2001-02-01,"Meat, poultry and fish",692.3149955,-0.04506802660508091
2001-03-01,"Meat, poultry and fish",690.465534,-0.0026714162079708448
2001-03-01,Non-alcoholic beverages,667.918858,-0.01984564496016361
2001-03-01,Fruit and vegetables,638.7936943,-0.04016477854644296
2001-03-01,Grocery food,724.7414479,0.00662983426841679
2001-04-01,"Meat, poultry and fish",699.7128404,0.013392857347170661
2001-04-01,Non-alcoholic beverages,676.1833208,0.012373453303514914
2001-04-01,Fruit and vegetables,642.9061001,0.006437768307194114
2001-04-01,Grocery food,723.150358,-0.002195389686363791
2001-05-01,Non-alcoholic beverages,686.701728,0.0155555555371516
2001-05-01,"Meat, poultry and fish",712.0425817,0.017621144829858437
2001-05-01,Fruit and vegetables,597.6696367,-0.07036247345135438
2001-05-01,Grocery food,735.0835322,0.016501650131244272
2001-06-01,Fruit and vegetables,640.1644962,0.0711009174476942
2001-06-01,Grocery food,733.4924423,-0.002164502169213489
2001-06-01,"Meat, poultry and fish",712.6590688,0.0008658008886603952
2001-06-01,Non-alcoholic beverages,682.1938392,-0.0065645514146719375
2001-07-01,Fruit and vegetables,625.7710761,-0.022483939964554445
2001-07-01,Grocery food,739.061257,0.007592190974099022
2001-07-01,"Meat, poultry and fish",720.0569138,0.010380622830572728
2001-07-01,Non-alcoholic beverages,683.6964688,0.0022026431692232507
2001-08-01,Non-alcoholic beverages,677.6859504,-0.0087912087809221
2001-08-01,"Meat, poultry and fish",736.0855779,0.022260273865590596
2001-08-01,Fruit and vegetables,631.9396847,0.009857612209315914
2001-08-01,Grocery food,739.061257,0.0
2001-09-01,Fruit and vegetables,644.276902,0.019522776617291848
2001-09-01,Grocery food,754.9721559,0.021528525205861238
2001-09-01,"Meat, poultry and fish",756.429652,0.02763819141524304
2001-09-01,Non-alcoholic beverages,679.18858,0.0022172948976042495
2001-11-01,Fruit and vegetables,607.9506511,-0.0563829787894522
2001-11-01,Grocery food,760.5409706,0.0073761855407257215
2001-11-01,"Meat, poultry and fish",772.4583162,0.021189894073586624
2001-11-01,Non-alcoholic beverages,691.9609316,0.018805309712362828
2001-12-01,Non-alcoholic beverages,688.9556724,-0.004343105315282703
2001-12-01,"Meat, poultry and fish",769.9923676,-0.0031923387298501416
2001-12-01,Fruit and vegetables,596.9842358,-0.01803833136810995
2001-12-01,Grocery food,762.9276054,0.0031380752546665835
2002-01-01,Fruit and vegetables,646.67580535,0.08323765783096415
2002-01-01,Grocery food,766.5075577,0.004692387946983567
2002-01-01,"Meat, poultry and fish",766.9099323,-0.004003202407846684
2002-01-01,Non-alcoholic beverages,702.85499625,0.02017448205569039
2002-02-01,Fruit and vegetables,635.3666895,-0.017488076338157077
2002-02-01,Grocery food,758.9498807,-0.009859885821188463
2002-02-01,"Meat, poultry and fish",769.9923676,0.004019292449056744
2002-02-01,Non-alcoholic beverages,697.2201352,-0.00801710321483684
2002-03-01,Fruit and vegetables,619.6024674,-0.024811219033855192
2002-03-01,Grocery food,769.291965,0.013626834344398597
2002-03-01,"Meat, poultry and fish",776.7737262,0.008807046518054529
2002-03-01,Non-alcoholic beverages,704.7332832,0.010775862056601193
2002-04-01,"Meat, poultry and fish",776.157239,-0.0007936509426186289
2002-04-01,Non-alcoholic beverages,697.2201352,-0.01066098079813238
2002-04-01,Fruit and vegetables,626.456477,0.011061946910510212
2002-04-01,Grocery food,767.7008751,-0.0020682523312199885
2002-05-01,Non-alcoholic beverages,713.7490609,0.02370689666794923
2002-05-01,"Meat, poultry and fish",765.6769584,-0.013502780201474107
2002-05-01,Grocery food,758.1543357,-0.012435233187348405
2002-05-01,Fruit and vegetables,610.692255,-0.02516411367552973
2002-06-01,Fruit and vegetables,602.4674435,-0.013468013443203253
2002-06-01,Grocery food,763.7231504,0.007345225685293055
2002-06-01,"Meat, poultry and fish",753.9637035,-0.015297906997850275
2002-06-01,Non-alcoholic beverages,699.4740796,-0.02000000011488634
2002-07-01,Fruit and vegetables,631.2542838,0.047781569959639114
2002-07-01,Grocery food,760.5409706,-0.00416666667539578
2002-07-01,"Meat, poultry and fish",756.429652,0.0032706461710991785
2002-07-01,Non-alcoholic beverages,709.9924869,0.015037594110728358
2002-08-01,Non-alcoholic beverages,712.9977461,0.004232804227438658
2002-08-01,"Meat, poultry and fish",752.1142428,-0.005704970962719491
2002-08-01,Fruit and vegetables,636.7374914,0.008686210518829673
2002-08-01,Grocery food,761.3365155,0.0010460250410604388
2002-09-01,Fruit and vegetables,649.0747087,0.01937567281121466
2002-09-01,Grocery food,762.1320605,0.0010449321473533502
2002-09-01,"Meat, poultry and fish",747.7988328,-0.0057377054633807045
2002-09-01,Non-alcoholic beverages,715.2516905,0.003161222335314129
2002-11-01,"Meat, poultry and fish",752.1142428,0.005770816709945503
2002-11-01,Non-alcoholic beverages,714.5003757,-0.0010504201667455026
2002-11-01,Grocery food,766.9053302,0.006263048029850005
2002-11-01,Fruit and vegetables,625.7710761,-0.03590285107037017
2002-12-01,Fruit and vegetables,625.7710761,0.0
2002-12-01,Grocery food,761.3365155,-0.007261410868728335
2002-12-01,"Meat, poultry and fish",742.8669365,-0.012295082015165493
2002-12-01,Non-alcoholic beverages,698.7227648,-0.02208201903958762
2003-01-01,Fruit and vegetables,639.82179575,0.022453450129987562
2003-01-01,Grocery food,767.3031026,0.00783699057975884
2003-01-01,"Meat, poultry and fish",740.0927443,-0.003734440266073058
2003-01-01,Non-alcoholic beverages,710.36814425,0.016666666719143297
2003-02-01,Non-alcoholic beverages,712.9977461,0.0037017451743648344
2003-02-01,Fruit and vegetables,644.9623029,0.00803427951993152
2003-02-01,Grocery food,762.1320605,-0.006739243048122678
2003-02-01,"Meat, poultry and fish",750.8812685,0.014577259786817676
2003-03-01,"Meat, poultry and fish",734.8526044,-0.021346469505118537
2003-03-01,Non-alcoholic beverages,715.2516905,0.003161222335314129
2003-03-01,Fruit and vegetables,627.827279,-0.02656748126666375
2003-03-01,Grocery food,766.9053302,0.006263048029850005
2003-04-01,Grocery food,758.1543357,-0.01141078847074617
2003-04-01,"Meat, poultry and fish",731.7701687,-0.004194631251959402
2003-04-01,Fruit and vegetables,636.0520905,0.013100436656878767
2003-04-01,Non-alcoholic beverages,714.5003757,-0.0010504201667455026
2003-05-01,Non-alcoholic beverages,719.0082645,0.0063091482570372115
2003-05-01,"Meat, poultry and fish",731.1536815,-0.0008424601416797683
2003-05-01,Grocery food,766.1097852,0.010493179456205093
2003-05-01,Fruit and vegetables,651.1309116,0.023706896534443578
2003-06-01,Fruit and vegetables,608.6360521,-0.06526315790411319
2003-06-01,Grocery food,767.7008751,0.002076843202811318
2003-06-01,"Meat, poultry and fish",733.6196301,0.003372681643264208
2003-06-01,Non-alcoholic beverages,728.7753569,0.013584117015389419
2003-07-01,Fruit and vegetables,624.4002742,0.02590090094993247
2003-07-01,Grocery food,776.4518695,0.01139896368994009
2003-07-01,"Meat, poultry and fish",733.6196301,0.0
2003-07-01,Non-alcoholic beverages,727.2727273,-0.002061855667556789
2003-08-01,Non-alcoholic beverages,725.0187829,-0.0030991735498837603
2003-08-01,"Meat, poultry and fish",713.8920431,-0.026890756722677822
2003-08-01,Fruit and vegetables,635.3666895,0.01756311736738181
2003-08-01,Grocery food,774.0652347,-0.0030737704341377015
2003-09-01,Fruit and vegetables,610.692255,-0.03883495138754822
2003-09-01,Grocery food,775.6563246,0.0020554984627576545
2003-09-01,"Meat, poultry and fish",722.5228623,0.012089810053802497
2003-09-01,Non-alcoholic beverages,727.2727273,0.0031088082862964495
2003-11-01,Fruit and vegetables,637.4228924,0.04377104373134699
2003-11-01,Grocery food,773.2696897,-0.0030769231479299552
2003-11-01,"Meat, poultry and fish",726.2217852,0.005119454474042717
2003-11-01,Non-alcoholic beverages,720.5108941,-0.009297520649651392
2003-12-01,Non-alcoholic beverages,709.2411721,-0.015641292994018063
2003-12-01,"Meat, poultry and fish",719.4404266,-0.009337861708640927
2003-12-01,Fruit and vegetables,638.7936943,0.0021505376043817748
2003-12-01,Grocery food,769.291965,-0.005144032868459103
2004-01-01,Fruit and vegetables,619.25976695,-0.030579399146081987
2004-01-01,Grocery food,776.4518695500001,0.00930713549048967
2004-01-01,"Meat, poultry and fish",733.6196301,0.0197086554713215
2004-01-01,Non-alcoholic beverages,715.62734785,0.009004237206211796
2004-02-01,Non-alcoholic beverages,738.5424493,0.032020997407163465
2004-02-01,Fruit and vegetables,644.9623029,0.04150525727933396
2004-02-01,Grocery food,764.5186953,-0.015368852491676077
2004-02-01,"Meat, poultry and fish",720.0569138,-0.018487395570578324
2004-03-01,Non-alcoholic beverages,734.0345605,-0.006103763980354393
2004-03-01,"Meat, poultry and fish",720.6734009,0.0008561644061531037
2004-03-01,Fruit and vegetables,670.3221385,0.03931987262817116
2004-03-01,Grocery food,773.2696897,0.01144640994889734
2004-04-01,"Meat, poultry and fish",721.289888,0.0008554320157092565
2004-04-01,Fruit and vegetables,649.7601097,-0.03067484664315623
2004-04-01,Grocery food,778.0429594,0.006172839519743567
2004-04-01,Non-alcoholic beverages,731.0293013,-0.004094165808695482
2004-05-01,Non-alcoholic beverages,732.5319309,0.002055498455845628
2004-05-01,"Meat, poultry and fish",723.1393495,0.00256410290892628
2004-05-01,Grocery food,775.6563246,-0.0030674846050152693
2004-05-01,Fruit and vegetables,629.8834818,-0.03059071740981023
2004-06-01,Fruit and vegetables,623.7148732,-0.009793253479789765
2004-06-01,Grocery food,771.6785998,-0.005128205203575487
2004-06-01,"Meat, poultry and fish",723.7558366,0.0008525149411744426
2004-06-01,Non-alcoholic beverages,737.7911345,0.007179487170666299
2004-07-01,"Meat, poultry and fish",715.1250174,-0.011925042622861648
2004-07-01,Non-alcoholic beverages,731.0293013,-0.009164969438921866
2004-07-01,Fruit and vegetables,623.0294722,-0.0010989011637377866
2004-07-01,Grocery food,771.6785998,0.0
2004-08-01,Fruit and vegetables,618.9170665,-0.006600659974364431
2004-08-01,Grocery food,773.2696897,0.00206185567464523
2004-08-01,"Meat, poultry and fish",711.4260946,-0.005172414207306408
2004-08-01,Non-alcoholic beverages,734.0345605,0.004110996911691034
2004-09-01,Non-alcoholic beverages,732.5319309,-0.002047082904347741
2004-09-01,Fruit and vegetables,648.3893077,0.04761904751902657
2004-09-01,Grocery food,775.6563246,0.0030864198245321717
2004-09-01,"Meat, poultry and fish",723.7558366,0.017331022988315237
2004-11-01,"Meat, poultry and fish",752.7307292,0.040034071070315536
2004-11-01,Non-alcoholic beverages,728.7753569,-0.005128205121904483
2004-11-01,Fruit and vegetables,601.0966415,-0.07293868920781399
2004-11-01,Grocery food,776.4518695,0.0010256409633613295
2004-12-01,Fruit and vegetables,619.6024674,0.030786773078318674
2004-12-01,Grocery food,773.2696897,-0.0040983606647109205
2004-12-01,"Meat, poultry and fish",738.5515265,-0.01883701853791675
2004-12-01,Non-alcoholic beverages,733.2832457,0.006185567002670256
2005-01-01,Fruit and vegetables,605.2090472499999,-0.023230088495932444
2005-01-01,Grocery food,782.41845665,0.011831275778505512
2005-01-01,"Meat, poultry and fish",752.7307292,0.019198664130037457
2005-01-01,Non-alcoholic beverages,746.8069121,0.018442622928183994
2005-02-01,Non-alcoholic beverages,733.2832457,-0.0181086518896455
2005-02-01,"Meat, poultry and fish",753.9637035,0.0016380018141550767
2005-02-01,Grocery food,783.6117741,0.0015251652614500788
2005-02-01,Fruit and vegetables,616.8608636,0.01925254819461908
2005-03-01,Fruit and vegetables,637.4228924,0.03333333335494815
2005-03-01,Grocery food,785.9984089,0.0030456852217937147
2005-03-01,"Meat, poultry and fish",748.41532,-0.007358953056020634
2005-03-01,Non-alcoholic beverages,727.2727273,-0.008196721301415022
2005-04-01,Non-alcoholic beverages,740.7963937,0.01859504129930256
2005-04-01,Fruit and vegetables,602.4674435,-0.05483870961770321
2005-04-01,Grocery food,783.6117741,-0.003036437189917418
2005-04-01,"Meat, poultry and fish",739.1680136,-0.012355848621591448
2005-05-01,"Meat, poultry and fish",736.0855779,-0.004170142164279467
2005-05-01,Non-alcoholic beverages,738.5424493,-0.0030425963451877758
2005-05-01,Fruit and vegetables,631.2542838,0.047781569959639114
2005-05-01,Grocery food,785.202864,0.0020304568570672643
2005-06-01,Fruit and vegetables,626.456477,-0.007600434441598525
2005-06-01,Grocery food,787.5894988,0.003039513620520795
2005-06-01,"Meat, poultry and fish",730.5371944,-0.007537688098480544
2005-06-01,Non-alcoholic beverages,741.5477085,0.004069175986902929
2005-07-01,"Meat, poultry and fish",747.7988328,0.023628692053355715
2005-07-01,Non-alcoholic beverages,755.8226897,0.01925025326944274
2005-07-01,Fruit and vegetables,612.7484578,-0.02188183808976718
2005-07-01,Grocery food,785.9984089,-0.002020202024562656
2005-08-01,Fruit and vegetables,595.6134339,-0.02796420567343605
2005-08-01,Grocery food,788.3850438,0.0030364373171443138
2005-08-01,"Meat, poultry and fish",748.41532,0.000824402463549756
2005-08-01,Non-alcoholic beverages,748.3095417,-0.009940357841046188
2005-09-01,Non-alcoholic beverages,749.0608565,0.001004016063049562
2005-09-01,Fruit and vegetables,596.2988348,0.0011507478861114695
2005-09-01,Grocery food,786.7939539,-0.002018163475464907
2005-09-01,"Meat, poultry and fish",747.1823457,-0.0016474466343098237
2005-11-01,"Meat, poultry and fish",769.9923676,0.030528052531313854
2005-11-01,Non-alcoholic beverages,752.0661157,0.004012036103504535
2005-11-01,Fruit and vegetables,588.0740233,-0.013793103423988096
2005-11-01,Grocery food,785.9984089,-0.0010111224114733863
2005-12-01,Fruit and vegetables,604.5236463,0.027972027922084086
2005-12-01,Grocery food,789.1805887,0.004048583004708117
2005-12-01,"Meat, poultry and fish",778.0066997,0.010408326675990454
2005-12-01,Non-alcoholic beverages,751.3148009,-0.000999000997805366
2006-01-01,Fruit and vegetables,662.7827279,0.09637188215312342
2006-01-01,Grocery food,794.35163085,0.006552419337275017
2006-01-01,"Meat, poultry and fish",781.42203855,0.004389857891091475
2006-01-01,Non-alcoholic beverages,763.7114951000001,0.01649999998023466
2006-02-01,Non-alcoholic beverages,761.0818933,-0.0034431874037141874
2006-02-01,"Meat, poultry and fish",766.2934455,-0.01936033577715901
2006-02-01,Grocery food,792.3627685,-0.0025037556074150036
2006-02-01,Fruit and vegetables,581.2200137,-0.1230610134612714
2006-03-01,Fruit and vegetables,624.4002742,0.07429245291317121
2006-03-01,Grocery food,799.522673,0.009036144534597668
2006-03-01,"Meat, poultry and fish",763.2110098,-0.004022526511353153
2006-03-01,Non-alcoholic beverages,767.0924117,0.007897334640216913
2006-04-01,Non-alcoholic beverages,769.3463561,0.0029382957849952707
2006-04-01,Fruit and vegetables,616.8608636,-0.012074643320199918
2006-04-01,Grocery food,790.7716786,-0.010945273593260696
2006-04-01,"Meat, poultry and fish",750.8812685,-0.016155088359156466
2006-05-01,"Meat, poultry and fish",746.5658585,-0.005747126984031348
2006-05-01,Non-alcoholic beverages,772.3516153,0.003906249995430544
2006-05-01,Fruit and vegetables,643.591501,0.04333333329658817
2006-05-01,Grocery food,789.9761337,-0.0010060361562371778
2006-06-01,Fruit and vegetables,685.4009596,0.0649627264111432
2006-06-01,Grocery food,795.5449483,0.007049345369356086
2006-06-01,"Meat, poultry and fish",756.429652,0.013212221517627798
2006-06-01,Non-alcoholic beverages,751.3148009,-0.027237354053864182
2006-07-01,Fruit and vegetables,713.5023989,0.0409999999363877
2006-07-01,Grocery food,797.9315831,0.002999999943560816
2006-07-01,"Meat, poultry and fish",756.429652,0.0
2006-07-01,Non-alcoholic beverages,754.3200601,0.003999999995208281
2006-08-01,Non-alcoholic beverages,755.8226897,0.001992031870133193
2006-08-01,"Meat, poultry and fish",756.429652,0.0
2006-08-01,Fruit and vegetables,703.2213845,-0.014409221911307002
2006-08-01,Grocery food,797.9315831,0.0
2006-09-01,Fruit and vegetables,712.8169979,0.01364522412358471
2006-09-01,Grocery food,791.5672235,-0.007976071802138995
2006-09-01,"Meat, poultry and fish",766.2632375,0.013000000031727854
2006-09-01,Non-alcoholic beverages,778.3621337,0.029821073523138564
2006-11-01,Fruit and vegetables,695.681974,-0.02403846141503474
2006-11-01,Grocery food,799.522673,0.010050251278500566
2006-11-01,"Meat, poultry and fish",788.9561271,0.029615004987108007
2006-11-01,Non-alcoholic beverages,755.0713749,-0.029922779888180928
2006-12-01,Non-alcoholic beverages,752.0661157,-0.003980099497743583
2006-12-01,"Meat, poultry and fish",790.4689864,0.0019175455364810468
2006-12-01,Grocery food,793.1583134,-0.007960199022398529
2006-12-01,Fruit and vegetables,682.6593557,-0.01871921191966941
2007-01-01,Fruit and vegetables,699.79437975,0.02510040169658212
2007-01-01,Grocery food,817.0246619,0.03009027087882754
2007-01-01,"Meat, poultry and fish",812.7836611,0.02822966502661517
2007-01-01,Non-alcoholic beverages,787.0022539500001,0.04645354646443911
2007-02-01,Non-alcoholic beverages,782.8700225,-0.005250596715905442
2007-02-01,Fruit and vegetables,688.8279644,-0.015670910866585785
2007-02-01,Grocery food,803.5003978,-0.01655306716023619
2007-02-01,"Meat, poultry and fish",808.623298,-0.005118659858847963
2007-03-01,Non-alcoholic beverages,776.8595041,-0.007677543177354251
2007-03-01,"Meat, poultry and fish",817.7004539,0.011225444434325382
2007-03-01,Grocery food,806.6825776,0.003960396047983039
2007-03-01,Fruit and vegetables,673.0637423,-0.02288557218162801
2007-04-01,Non-alcoholic beverages,785.8752817,0.011605415847290024
2007-04-01,Fruit and vegetables,675.8053461,0.0040733196987128295
2007-04-01,Grocery food,803.5003978,-0.003944773183855554
2007-04-01,"Meat, poultry and fish",822.2390318,0.005550416265948543
2007-05-01,"Meat, poultry and fish",827.5340393,0.006439742331872056
2007-05-01,Non-alcoholic beverages,782.8700225,-0.003824091773823146
2007-05-01,Fruit and vegetables,691.5695682,0.023326572053585792
2007-05-01,Grocery food,799.522673,-0.004950495122206577
2007-06-01,"Meat, poultry and fish",817.7004539,-0.011882998079835061
2007-06-01,Non-alcoholic beverages,789.6318557,0.008637236074523491
2007-06-01,Fruit and vegetables,686.0863605,-0.007928642253984153
2007-06-01,Grocery food,801.1137629,0.0019900497555995766
2007-07-01,Non-alcoholic beverages,779.8647633,-0.012369172202838064
2007-07-01,"Meat, poultry and fish",810.892587,-0.00832562446006968
2007-07-01,Grocery food,812.2513922,0.013902681261750205
2007-07-01,Fruit and vegetables,732.6936258,0.06793206800676521
2007-08-01,Fruit and vegetables,710.7607951,-0.029934518232026863
2007-08-01,Grocery food,813.8424821,0.0019588638631820032
2007-08-01,"Meat, poultry and fish",819.9697428,0.011194029820376095
2007-08-01,Non-alcoholic beverages,778.3621337,-0.0019267822713796567
2007-09-01,"Meat, poultry and fish",827.5340393,0.009225092226171405
2007-09-01,Non-alcoholic beverages,781.3673929,0.0038610038565396465
2007-09-01,Fruit and vegetables,702.5359836,-0.011571841830193774
2007-09-01,Grocery food,820.2068417,0.00782013686921057
2007-11-01,Fruit and vegetables,669.6367375,-0.0468292683478142
2007-11-01,Grocery food,843.2776452,0.028128031036881218
2007-11-01,"Meat, poultry and fish",843.419062,0.019195612440833232
2007-11-01,Non-alcoholic beverages,786.6265965,0.0067307692230165195
2007-12-01,Non-alcoholic beverages,794.1397446,0.009551098492510679
2007-12-01,Fruit and vegetables,686.7717615,0.02558853635177094
2007-12-01,Grocery food,855.2108194,0.014150943367139401
2007-12-01,"Meat, poultry and fish",838.1240545,-0.006278026829799055
2008-01-01,"Meat, poultry and fish",874.8108925500001,0.043772563086602156
2008-01-01,Non-alcoholic beverages,816.6791886,0.028382213776937837
2008-01-01,Fruit and vegetables,730.29472245,0.06337325351720935
2008-01-01,Grocery food,898.5680190999999,0.05069767444057649
2008-02-01,Fruit and vegetables,671.6929404,-0.08024401689964589
2008-02-01,Grocery food,875.8949881,-0.025232403689048555
2008-02-01,"Meat, poultry and fish",840.3933434,-0.03934284477148631
2008-02-01,Non-alcoholic beverages,820.4357626,0.004599816001727319
2008-03-01,Fruit and vegetables,692.2549692,0.03061224491618919
2008-03-01,Grocery food,879.0771679,0.0036330608614427717
2008-03-01,"Meat, poultry and fish",839.6369138,-0.0009000899470952284
2008-03-01,Non-alcoholic beverages,831.7054846,0.01373626371952108
2008-04-01,Non-alcoholic beverages,809.1660406,-0.027100270970126017
2008-04-01,"Meat, poultry and fish",841.1497731,0.001801801796866176
2008-04-01,Grocery food,889.4192522,0.011764705850233703
2008-04-01,Fruit and vegetables,682.6593557,-0.01386138623329658
2008-05-01,Fruit and vegetables,708.7045922,0.038152610496772876
2008-05-01,Grocery food,894.1925219,0.005366726308423386
2008-05-01,"Meat, poultry and fish",842.6626324,0.0017985611461612816
2008-05-01,Non-alcoholic beverages,830.202855,0.02599814295765701
2008-06-01,Fruit and vegetables,745.716244,0.05222437134929003
2008-06-01,Grocery food,898.1702466,0.004448398530048303
2008-06-01,"Meat, poultry and fish",854.0090772,0.013464991045923025
2008-06-01,Non-alcoholic beverages,827.9489106,-0.002714932123426661
2008-07-01,Non-alcoholic beverages,830.9541698,0.0036297640609517234
2008-07-01,"Meat, poultry and fish",845.688351,-0.009743135549894588
2008-07-01,Grocery food,902.9435163,0.005314437566896757
2008-07-01,Fruit and vegetables,772.4468814,0.035845588204727497
2008-08-01,Fruit and vegetables,846.4701851,0.0958296362927098
2008-08-01,Grocery food,920.4455052,0.01938325995375423
2008-08-01,"Meat, poultry and fish",867.6248109,0.02593917709054505
2008-08-01,Non-alcoholic beverages,833.2081142,0.002712477392757373
2008-09-01,"Meat, poultry and fish",900.1512859,0.037489101961318605
2008-09-01,Non-alcoholic beverages,835.4620586,0.0027051397623079065
2008-09-01,Fruit and vegetables,827.9643592,-0.02186234816742394
2008-09-01,Grocery food,925.2187749,0.0051858254215308985
2008-11-01,Fruit and vegetables,776.5592872,-0.06208609275122534
2008-11-01,Grocery food,940.3341289,0.016337059309711632
2008-11-01,"Meat, poultry and fish",925.1134644,0.027731092418583847
2008-11-01,Non-alcoholic beverages,846.7317806,0.013489208616947801
2008-12-01,Non-alcoholic beverages,838.4673178,-0.009760425897966996
2008-12-01,Fruit and vegetables,746.401645,-0.038834951428805664
2008-12-01,Grocery food,949.0851233,0.009306260541916966
2008-12-01,"Meat, poultry and fish",931.1649017,0.006541291995922682
2009-01-01,"Meat, poultry and fish",929.2738274999999,-0.0020308692870055767
2009-01-01,Non-alcoholic beverages,885.0488354500001,0.05555555554892977
2009-01-01,Fruit and vegetables,752.5702536,0.008264462761198743
2009-01-01,Grocery food,954.65393795,0.005867560783838988
2009-02-01,Fruit and vegetables,753.2556546,0.0009107468661182505
2009-02-01,Grocery food,955.4494829,0.0008333333351229211
2009-02-01,"Meat, poultry and fish",932.677761,0.003663003733956005
2009-02-01,Non-alcoholic beverages,871.525169,-0.015280135861795663
2009-03-01,Fruit and vegetables,765.5928718,0.016378525836027613
2009-03-01,Grocery food,953.0628481,-0.0024979183543603067
2009-03-01,"Meat, poultry and fish",945.5370651,0.013787510153788096
2009-03-01,Non-alcoholic beverages,878.2870023,0.007758620795494275
2009-04-01,Non-alcoholic beverages,870.0225394,-0.009409752026794838
2009-04-01,"Meat, poultry and fish",937.9727685,-0.008000000083761782
2009-04-01,Grocery food,949.0851233,-0.004173622765728302
2009-04-01,Fruit and vegetables,750.5140507,-0.019695613237030174
2009-05-01,Fruit and vegetables,730.6374229,-0.026484018229187223
2009-05-01,Grocery food,958.6316627,0.010058675629438074
2009-05-01,"Meat, poultry and fish",937.9727685,0.0
2009-05-01,Non-alcoholic beverages,885.8001503,0.01813471512000242
2009-06-01,Non-alcoholic beverages,888.0540947,0.0025445292589265645
2009-06-01,Fruit and vegetables,840.3015764,0.15009380858802435
2009-06-01,Grocery food,968.973747,0.010788381713651596
2009-06-01,"Meat, poultry and fish",957.6399395,0.020967741986210875
2009-07-01,"Meat, poultry and fish",950.8320726,-0.007109004772247185
2009-07-01,Non-alcoholic beverages,890.3080391,0.0025380710628459813
2009-07-01,Fruit and vegetables,866.3468129,0.030995106080345947
2009-07-01,Grocery food,973.7470167,0.004926108385060246
2009-08-01,Fruit and vegetables,837.5599726,-0.033227848098891566
2009-08-01,Grocery food,961.0182975,-0.013071895453027671
2009-08-01,"Meat, poultry and fish",947.0499244,-0.003977724678194572
2009-08-01,Non-alcoholic beverages,899.3238167,0.010126582265969297
2009-09-01,"Meat, poultry and fish",964.4478064,0.01837060703111537
2009-09-01,Non-alcoholic beverages,916.6040571,0.019214703401727373
2009-09-01,Fruit and vegetables,766.9636737,-0.0842880524493681
2009-09-01,Grocery food,960.2227526,-0.0008278145193172382
2009-11-01,Fruit and vegetables,717.6148047,-0.06434316342771518
2009-11-01,Grocery food,954.6539379,-0.005799502964204284
2009-11-01,"Meat, poultry and fish",934.1906203,-0.03137254903709219
2009-11-01,Non-alcoholic beverages,905.3343351,-0.012295081952457987
2009-12-01,Non-alcoholic beverages,894.0646131,-0.012448132764958264
2009-12-01,Fruit and vegetables,730.6374229,0.018147086869876095
2009-12-01,Grocery food,951.4717582,-0.003333333235915892
2009-12-01,"Meat, poultry and fish",922.8441755,-0.012145749008223072
2010-01-01,"Meat, poultry and fish",951.21028745,0.030737704916034447
2010-01-01,Non-alcoholic beverages,914.7257701,0.023109243669046764
2010-01-01,Fruit and vegetables,808.77313225,0.10694183859330475
2010-01-01,Grocery food,985.2824185,0.03553511705272605
2010-02-01,Fruit and vegetables,738.8622344,-0.0864406779383341
2010-02-01,Grocery food,961.0182975,-0.02462656446964695
2010-02-01,"Meat, poultry and fish",930.408472,-0.0218687872959884
2010-02-01,Non-alcoholic beverages,893.3132983,-0.02340862420182943
2010-03-01,Fruit and vegetables,725.1542152,-0.018552875707785743
2010-03-01,Grocery food,963.4049324,0.0024834437660641306
2010-03-01,"Meat, poultry and fish",942.5113464,0.013008130046348043
2010-03-01,Non-alcoholic beverages,897.8211871,0.005046257352911532
2010-04-01,Non-alcoholic beverages,893.3132983,-0.005020920495940384
2010-04-01,"Meat, poultry and fish",917.5491679,-0.0264847511866515
2010-04-01,Grocery food,970.5648369,0.007431874447812348
2010-04-01,Fruit and vegetables,712.8169979,-0.017013232553019453
2010-05-01,Fruit and vegetables,697.7381768,-0.021153846140626653
2010-05-01,Grocery food,963.4049324,-0.007377049144773107
2010-05-01,"Meat, poultry and fish",895.612708,-0.023907666932123206
2010-05-01,Non-alcoholic beverages,906.8369647,0.015138772058734373
2010-06-01,Non-alcoholic beverages,899.3238167,-0.008285004132452256
2010-06-01,Fruit and vegetables,762.851268,0.09332023582058357
2010-06-01,Grocery food,955.4494829,-0.008257638333012962
2010-06-01,"Meat, poultry and fish",919.8184569,0.02702702706625737
2010-07-01,"Meat, poultry and fish",924.3570348,0.00493421051290488
2010-07-01,Non-alcoholic beverages,889.5567243,-0.010860484531411085
2010-07-01,Fruit and vegetables,829.3351611,0.08715184189744307
2010-07-01,Grocery food,967.3826571,0.012489591981127202
2010-08-01,Fruit and vegetables,798.4921179,-0.037190082667049706
2010-08-01,Grocery food,972.9514718,0.0057565790115508
2010-08-01,"Meat, poultry and fish",931.9213313,0.008183306033514137
2010-08-01,Non-alcoholic beverages,897.8211871,0.009290540529051983
2010-09-01,Fruit and vegetables,819.0541467,0.025751072977498124
2010-09-01,Grocery food,984.884646,0.012264922296610692
2010-09-01,"Meat, poultry and fish",922.8441755,-0.009740259714130284
2010-09-01,Non-alcoholic beverages,903.8317055,0.006694560661254068
2010-11-01,Non-alcoholic beverages,934.6356123,0.034081462967665344
2010-11-01,"Meat, poultry and fish",944.7806354,0.02377049179306434
2010-11-01,Fruit and vegetables,803.2899246,-0.019246861960854122
2010-11-01,Grocery food,1002.386635,0.01777059787771318
2010-12-01,Fruit and vegetables,771.0760795,-0.04010238907956043
2010-12-01,Grocery food,998.4089101,-0.003968254125814474
2010-12-01,"Meat, poultry and fish",952.3449319,0.008006405102489733
2010-12-01,Non-alcoholic beverages,909.8422239,-0.02652733115848982
2011-01-01,Fruit and vegetables,802.2618231,0.04044444436691941
2011-01-01,Grocery food,1017.8997615,0.01952191251783586
2011-01-01,"Meat, poultry and fish",967.0953102999999,0.015488483117741536
2011-01-01,Non-alcoholic beverages,940.64613055,0.033856316887515225
2011-02-01,Non-alcoholic beverages,934.6356123,-0.006389776191909169
2011-02-01,"Meat, poultry and fish",962.934947,-0.004301916528485106
2011-02-01,Grocery food,1012.728719,-0.005080109747132466
2011-02-01,Fruit and vegetables,813.570939,0.01409654002517624
2011-03-01,Fruit and vegetables,800.5483208,-0.016006739640929912
2011-03-01,Grocery food,1016.706444,0.003927730028163712
2011-03-01,"Meat, poultry and fish",977.3071104,0.01492537314672826
2011-03-01,Non-alcoholic beverages,945.1540195,0.011254019279359317
2011-04-01,Non-alcoholic beverages,960.9316304,0.016693163838362057
2011-04-01,Fruit and vegetables,774.5030843,-0.03253424661983262
2011-04-01,Grocery food,1027.048528,0.010172143651722587
2011-04-01,"Meat, poultry and fish",972.7685325,-0.004643962835942594
2011-05-01,Non-alcoholic beverages,969.947408,0.009382329933553146
2011-05-01,"Meat, poultry and fish",984.1149773,0.011664074670301838
2011-05-01,Grocery food,1024.661893,-0.002323780167084788
2011-05-01,Fruit and vegetables,786.8403016,0.01592920357592953
2011-06-01,Non-alcoholic beverages,972.2013524,0.002323780012617016
2011-06-01,Fruit and vegetables,882.7964359,0.12195121945949916
2011-06-01,Grocery food,1031.821798,0.006987578096651292
2011-06-01,"Meat, poultry and fish",952.3449319,-0.032282859353653603
2011-07-01,"Meat, poultry and fish",987.140696,0.03653693418683912
2011-07-01,Non-alcoholic beverages,969.947408,-0.002318392578282147
2011-07-01,Fruit and vegetables,960.932145,0.08850931644319737
2011-07-01,Grocery food,1036.595068,0.004626060439169022
2011-08-01,"Meat, poultry and fish",978.06354,-0.009195402475839276
2011-08-01,Non-alcoholic beverages,957.175056,-0.013168087150556063
2011-08-01,Fruit and vegetables,904.043866,-0.05920114057585202
2011-08-01,Grocery food,1033.412888,-0.0030698390318792956
2011-09-01,Fruit and vegetables,826.593557,-0.08567096344858105
2011-09-01,Grocery food,1031.821798,-0.0015396459812683227
2011-09-01,"Meat, poultry and fish",981.089259,0.0030935812207046887
2011-09-01,Non-alcoholic beverages,969.196093,0.012558869900178404
2011-11-01,Fruit and vegetables,745.716244,-0.0978441125207078
2011-11-01,Grocery food,1035.799523,0.003855050365974
2011-11-01,"Meat, poultry and fish",975.037822,-0.006168079962640793
2011-11-01,Non-alcoholic beverages,973.703982,0.004651162992255209
2011-12-01,Non-alcoholic beverages,949.661908,-0.02469135840506398
2011-12-01,"Meat, poultry and fish",987.140696,0.012412722590775527
2011-12-01,Fruit and vegetables,764.22207,0.024816176593841277
2011-12-01,Grocery food,1033.412888,-0.0023041476144798345
2012-01-01,Fruit and vegetables,816.6552429999999,0.06860986493101406
2012-01-01,Grocery food,1015.910899,-0.01693610482628327
2012-01-01,"Meat, poultry and fish",971.633888,-0.015708812394054195
2012-01-01,Non-alcoholic beverages,951.164538,0.0015822789008821392
2012-02-01,Fruit and vegetables,775.873886,-0.049937054037868855
2012-02-01,Grocery food,1037.390613,0.02114330500946826
2012-02-01,"Meat, poultry and fish",986.384266,0.015181004061480374
2012-02-01,Non-alcoholic beverages,969.196093,0.018957345737378617
2012-03-01,Non-alcoholic beverages,968.444778,-0.0007751940040063854
2012-03-01,"Meat, poultry and fish",968.986384,-0.017638036817590463
2012-03-01,Fruit and vegetables,742.97464,-0.04240282679136331
2012-03-01,Grocery food,1034.208433,-0.003067484860690528
2012-04-01,Fruit and vegetables,763.536669,0.027675277045795088
2012-04-01,Grocery food,1027.048528,-0.006923077371580488
2012-04-01,"Meat, poultry and fish",975.794251,0.007025761261883812
2012-04-01,Non-alcoholic beverages,942.900075,-0.026377036234068063
2012-05-01,Non-alcoholic beverages,963.185575,0.021513944624513837
2012-05-01,Fruit and vegetables,788.211104,0.032315979050902666
2012-05-01,Grocery food,1022.275259,-0.00464755936050576
2012-05-01,"Meat, poultry and fish",961.422088,-0.01472868177412534
2012-06-01,Fruit and vegetables,859.492803,0.09043478154299134
2012-06-01,Grocery food,1025.457438,0.003112839689686675
2012-06-01,"Meat, poultry and fish",973.524962,0.012588512528536766
2012-06-01,Non-alcoholic beverages,948.910594,-0.014820592594526838
2012-07-01,"Meat, poultry and fish",971.255673,-0.00233100237649575
2012-07-01,Non-alcoholic beverages,949.661908,0.0007917647929642779
2012-07-01,Fruit and vegetables,897.189856,0.043859649398367395
2012-07-01,Grocery food,1019.093079,-0.006206360950887113
2012-08-01,"Meat, poultry and fish",971.255673,0.0
2012-08-01,Non-alcoholic beverages,961.682945,0.012658228048039177
2012-08-01,Fruit and vegetables,910.897875,0.015278838596231248
2012-08-01,Grocery food,1011.933174,-0.007025761579134371
2012-09-01,Non-alcoholic beverages,956.423742,-0.0054687493704072
2012-09-01,"Meat, poultry and fish",972.768532,0.0015576320860264392
2012-09-01,Fruit and vegetables,891.021247,-0.021820918179219606
2012-09-01,Grocery food,996.022275,-0.015723270477542406
2012-11-01,Fruit and vegetables,804.660726,-0.09692307707674686
2012-11-01,Grocery food,998.40891,0.002396166290558055
2012-11-01,"Meat, poultry and fish",958.396369,-0.014774494165072372
2012-11-01,Non-alcoholic beverages,965.439519,0.009426550810153422
2012-12-01,Fruit and vegetables,810.143934,0.006814310457597728
2012-12-01,Grocery food,996.022275,-0.0023904384026379732
2012-12-01,"Meat, poultry and fish",966.717095,0.008681925630292131
2012-12-01,Non-alcoholic beverages,938.392186,-0.0280155643804757
2013-01-01,"Meat, poultry and fish",991.679274,0.02582159675163287
2013-01-01,Non-alcoholic beverages,966.190834,0.029623699360173505
2013-01-01,Fruit and vegetables,824.1946539999999,0.017343486028002397
2013-01-01,Grocery food,1013.9220365,0.01797124617519219
2013-02-01,Fruit and vegetables,824.537354,0.00041579983361561546
2013-02-01,Grocery food,1015.115354,0.0011769322068582166
2013-02-01,"Meat, poultry and fish",974.281392,-0.01754385964912275
2013-02-01,Non-alcoholic beverages,971.450038,0.005443235243939304
2013-03-01,Non-alcoholic beverages,963.93689,-0.007733952036759306
2013-03-01,"Meat, poultry and fish",965.204236,-0.009316770364839244
2013-03-01,Grocery food,1007.159905,-0.007836990120041132
2013-03-01,Fruit and vegetables,771.07608,-0.06483790423884184
2013-04-01,Non-alcoholic beverages,966.942149,0.0031176926945912786
2013-04-01,"Meat, poultry and fish",965.204236,0.0
2013-04-01,Fruit and vegetables,778.61549,0.009777777051519942
2013-04-01,Grocery food,1008.750994,0.0015797779400283929
2013-05-01,Fruit and vegetables,795.065113,0.02112676052720186
2013-05-01,Grocery food,1009.546539,0.0007886435847219708
2013-05-01,"Meat, poultry and fish",969.742814,0.004702194448305219
2013-05-01,Non-alcoholic beverages,958.677686,-0.008547008741471185
2013-06-01,Non-alcoholic beverages,969.196093,0.010971786611501555
2013-06-01,Fruit and vegetables,901.987663,0.13448275902403983
2013-06-01,Grocery food,1010.342084,0.0007880221161353784
2013-06-01,"Meat, poultry and fish",982.602118,0.01326053033273622
2013-07-01,Non-alcoholic beverages,962.43426,-0.006976743972491484
2013-07-01,"Meat, poultry and fish",983.358548,0.0007698232948445405
2013-07-01,Fruit and vegetables,928.7183,0.029635257882679067
2013-07-01,Grocery food,1015.115354,0.004724409757438153
2013-08-01,"Meat, poultry and fish",966.717095,-0.0169230775832947
2013-08-01,Fruit and vegetables,928.032899,-0.0007380074237796075
2013-08-01,Grocery food,1007.159905,-0.007836990120041132
2013-08-01,Non-alcoholic beverages,973.703982,0.011709601858936214
2013-09-01,"Meat, poultry and fish",975.794251,0.009389671546048417
2013-09-01,Non-alcoholic beverages,974.455297,0.0007716051427217874
2013-09-01,Grocery food,1015.910899,0.008688783138165235
2013-09-01,Fruit and vegetables,888.279644,-0.04283604066497659
2013-11-01,Fruit and vegetables,801.233722,-0.0979938272682066
2013-11-01,Grocery food,1015.910899,0.0
2013-11-01,"Meat, poultry and fish",975.037822,-0.0007751931303395798
2013-11-01,Non-alcoholic beverages,987.227648,0.013107169758655557
2013-12-01,Fruit and vegetables,792.323509,-0.011120616563365271
2013-12-01,Grocery food,1015.910899,0.0
2013-12-01,"Meat, poultry and fish",982.602118,0.007757951362834525
2013-12-01,Non-alcoholic beverages,966.942149,-0.020547944581065902
2014-01-01,Non-alcoholic beverages,981.5927875,0.015151515026158968
2014-01-01,"Meat, poultry and fish",999.2435705,0.016936104853785716
2014-01-01,Grocery food,1017.8997609999999,0.0019577130257757425
2014-01-01,Fruit and vegetables,829.335161,0.046712803014910875
2014-02-01,Fruit and vegetables,778.61549,-0.061157024789402326
2014-02-01,Grocery food,1025.457438,0.007424775296710262
2014-02-01,"Meat, poultry and fish",972.012103,-0.02725208177859373
2014-02-01,Non-alcoholic beverages,987.978963,0.006505931564824152
2014-03-01,Fruit and vegetables,782.727896,0.005281690452883181
2014-03-01,Grocery food,1008.750994,-0.016291699080737354
2014-03-01,"Meat, poultry and fish",981.089259,0.009338521580116499
2014-03-01,Non-alcoholic beverages,990.232908,0.0022813694262839856
2014-04-01,Non-alcoholic beverages,981.968445,-0.008345978944177879
2014-04-01,"Meat, poultry and fish",990.166414,0.00925211943432358
2014-04-01,Fruit and vegetables,785.4695,0.00350262717607297
2014-04-01,Grocery food,1019.093079,0.010252366601385399
2014-05-01,Fruit and vegetables,839.616176,0.06893542779191297
2014-05-01,Grocery food,1018.297534,-0.0007806401754593129
2014-05-01,"Meat, poultry and fish",975.037822,-0.015278837765143605
2014-05-01,Non-alcoholic beverages,984.222389,0.002295332412641793
2014-06-01,"Meat, poultry and fish",1010.590015,0.036462373251404
2014-06-01,Non-alcoholic beverages,974.455297,-0.00992366370564246
2014-06-01,Fruit and vegetables,881.425634,0.0497959177003755
2014-06-01,Grocery food,1023.866348,0.005468749372420589
2014-07-01,Fruit and vegetables,873.886223,-0.008553655248016101
2014-07-01,Grocery food,1016.706444,-0.006993006473926977
2014-07-01,"Meat, poultry and fish",988.653555,-0.021706586918929793
2014-07-01,Non-alcoholic beverages,976.709241,0.0023130296555819996
2014-08-01,Non-alcoholic beverages,996.243426,0.020000000184292377
2014-08-01,Fruit and vegetables,918.437286,0.05098039290178846
2014-08-01,Grocery food,1001.59109,-0.014866979637241262
2014-08-01,"Meat, poultry and fish",985.627837,-0.0030604431498756357
2014-09-01,"Meat, poultry and fish",996.974281,0.011511894828920122
2014-09-01,Non-alcoholic beverages,1002.253944,0.006033182094995482
2014-09-01,Fruit and vegetables,858.807402,-0.06492537368523166
2014-09-01,Grocery food,1000.0,-0.0015885624541648324
2014-11-01,Non-alcoholic beverages,979.7145,-0.022488755604238353
2014-11-01,"Meat, poultry and fish",1004.538578,0.007587253898277746
2014-11-01,Fruit and vegetables,806.716929,-0.06065442947824051
2014-11-01,Grocery food,1007.955449,0.007955449000000003
2014-12-01,Fruit and vegetables,817.683345,0.01359388356160296
2014-12-01,Grocery food,1000.795545,-0.007103393316741813
2014-12-01,"Meat, poultry and fish",1013.615734,0.009036144752222697
2014-12-01,Non-alcoholic beverages,995.492111,0.01610429466951846
2015-01-01,Non-alcoholic beverages,996.6190835,0.0011320757719193164
2015-01-01,Fruit and vegetables,871.48732,0.06580050251604419
2015-01-01,Grocery food,992.0445505,-0.008744038224110962
2015-01-01,"Meat, poultry and fish",1002.6475035000001,-0.010820896057637475
2015-02-01,Non-alcoholic beverages,1002.253944,0.005653976121158699
2015-02-01,"Meat, poultry and fish",1002.269289,-0.00037721581979699437
2015-02-01,Fruit and vegetables,864.29061,-0.008257962950051767
2015-02-01,Grocery food,1001.59109,0.009623095550687077
2015-03-01,"Meat, poultry and fish",1006.051437,0.0037735846458726297
2015-03-01,Fruit and vegetables,837.559973,-0.03092783456249748
2015-03-01,Grocery food,1013.524264,0.011914217407824612
2015-03-01,Non-alcoholic beverages,996.243426,-0.005997001095363164
2015-04-01,Non-alcoholic beverages,999.248685,0.003016591047497741
2015-04-01,"Meat, poultry and fish",1009.833585,0.003759398238402323
2015-04-01,Grocery food,1003.977725,-0.009419151903007683
2015-04-01,Fruit and vegetables,827.278958,-0.012274959801594987
2015-05-01,Fruit and vegetables,830.020562,0.003314001853290227
2015-05-01,Grocery food,1004.77327,0.00079239307824297
2015-05-01,"Meat, poultry and fish",1019.667171,0.009737828238303381
2015-05-01,Non-alcoholic beverages,1008.264463,0.009022556782248836
2015-06-01,"Meat, poultry and fish",990.922844,-0.028189911196032758
2015-06-01,Non-alcoholic beverages,1014.274981,0.0059612514578926135
2015-06-01,Fruit and vegetables,897.189856,0.08092485544954475
2015-06-01,Grocery food,1002.386635,-0.002375297065774884
2015-07-01,Fruit and vegetables,923.920494,0.02979373632151283
2015-07-01,Grocery food,1001.59109,-0.0007936508451151791
2015-07-01,"Meat, poultry and fish",1003.782148,0.01297709915344325
2015-07-01,Non-alcoholic beverages,1015.026296,0.0007407409371955609
2015-08-01,Non-alcoholic beverages,1005.259204,-0.009622501445026632
2015-08-01,Fruit and vegetables,952.707334,0.031157269686021172
2015-08-01,Grocery food,983.293556,-0.01826846722448383
2015-08-01,"Meat, poultry and fish",985.627837,-0.018085907421417913
2015-09-01,Grocery food,984.884646,0.0016181230826657345
2015-09-01,"Meat, poultry and fish",1003.782148,0.01841903233502129
2015-09-01,Fruit and vegetables,904.729267,-0.050359712041431526
2015-09-01,Non-alcoholic beverages,999.248685,-0.005979073830991721
2015-11-01,Non-alcoholic beverages,1007.513148,0.008270676883602723
2015-11-01,"Meat, poultry and fish",1002.269289,-0.0015071587027268851
2015-11-01,Grocery food,976.133652,-0.00888529843118302
2015-11-01,Fruit and vegetables,825.222755,-0.08787878860560838
2015-12-01,Fruit and vegetables,837.559973,0.014950167000666426
2015-12-01,Grocery food,970.564837,-0.005704971843343398
2015-12-01,"Meat, poultry and fish",975.037822,-0.027169810847112563
2015-12-01,Non-alcoholic beverages,972.952667,-0.03430275929262616
2016-01-01,Fruit and vegetables,871.1446195000001,0.040098199033682835
2016-01-01,Grocery food,982.1002385,0.011885245642790698
2016-01-01,"Meat, poultry and fish",995.0832075000001,0.020558572239672612
2016-01-01,Non-alcoholic beverages,992.8625095,0.020463320750627956
2016-02-01,Non-alcoholic beverages,987.227648,-0.005675369395141794
2016-02-01,"Meat, poultry and fish",1002.269289,0.00722158855243249
2016-02-01,Fruit and vegetables,851.953393,-0.02202989729881477
2016-02-01,Grocery food,982.498011,0.00040502230261907357
2016-03-01,Fruit and vegetables,867.717615,0.01850362018571139
2016-03-01,Grocery food,985.680191,0.0032388666077411976
2016-03-01,"Meat, poultry and fish",1000.0,-0.0022641509870706678
2016-03-01,Non-alcoholic beverages,1006.010518,0.01902587517484111
2016-04-01,Fruit and vegetables,901.302262,0.038704581328569576
2016-04-01,Grocery food,986.475736,0.0008071025544227339
2016-04-01,"Meat, poultry and fish",982.602118,-0.01739788200000003
2016-04-01,Non-alcoholic beverages,1003.756574,-0.0022404775692415058
2016-05-01,Non-alcoholic beverages,991.735537,-0.011976048089125668
2016-05-01,"Meat, poultry and fish",984.114977,0.0015396455719831614
2016-05-01,Fruit and vegetables,877.998629,-0.025855513718881618
2016-05-01,Grocery food,986.475736,0.0
2016-06-01,Fruit and vegetables,915.010281,0.04215456696345243
2016-06-01,Grocery food,979.315831,-0.007258064987013535
2016-06-01,"Meat, poultry and fish",981.845688,-0.002305918569512788
2016-06-01,Non-alcoholic beverages,996.243426,0.004545454742537869
2016-07-01,Non-alcoholic beverages,987.227648,-0.009049774146263734
2016-07-01,Fruit and vegetables,915.695682,0.0007490637146185808
2016-07-01,Grocery food,972.155927,-0.0073111286199558645
2016-07-01,"Meat, poultry and fish",982.602118,0.0007704163793200713
2016-08-01,Non-alcoholic beverages,1005.259204,0.01826484097819736
2016-08-01,"Meat, poultry and fish",984.114977,0.0015396455719831614
2016-08-01,Fruit and vegetables,969.156957,0.05838323369968679
2016-08-01,Grocery food,978.520286,0.006546644240127186
2016-09-01,"Meat, poultry and fish",975.037822,-0.00922367326190987
2016-09-01,Fruit and vegetables,919.808088,-0.050919377551349565
2016-09-01,Grocery food,978.520286,0.0
2016-09-01,Non-alcoholic beverages,1003.756574,-0.0014947687064399418
2016-11-01,Non-alcoholic beverages,998.49737,-0.0052395213503229066
2016-11-01,"Meat, poultry and fish",987.897126,0.013188518137299488
2016-11-01,Grocery food,988.066826,0.009756098199071861
2016-11-01,Fruit and vegetables,830.020562,-0.09761549954972781
2016-12-01,Fruit and vegetables,830.705963,0.0008257638802928735
2016-12-01,Grocery food,979.315831,-0.00885668334339973
2016-12-01,"Meat, poultry and fish",973.524962,-0.01454823950970785
2016-12-01,Non-alcoholic beverages,967.693464,-0.030850262529985573
2017-01-01,"Meat, poultry and fish",996.5960665,0.02369852381864246
2017-01-01,Non-alcoholic beverages,1007.888805,0.04153726618535902
2017-01-01,Fruit and vegetables,903.701165,0.08787128689480705
2017-01-01,Grocery food,1004.77327,0.025995126591596973
2017-02-01,Fruit and vegetables,917.751885,0.015547971546545636
2017-02-01,Grocery food,1004.77327,0.0
2017-02-01,"Meat, poultry and fish",981.845688,-0.01480075930040814
2017-02-01,Non-alcoholic beverages,1003.756574,-0.004099887784744349
2017-03-01,Non-alcoholic beverages,999.248685,-0.004491018157954274
2017-03-01,Fruit and vegetables,890.335846,-0.02987304024987114
2017-03-01,Grocery food,1007.159905,0.002375297065774884
2017-03-01,"Meat, poultry and fish",984.871407,0.0030816644987903263
2017-04-01,"Meat, poultry and fish",968.229955,-0.016897081062279162
2017-04-01,Non-alcoholic beverages,972.201352,-0.027067669345994694
2017-04-01,Fruit and vegetables,928.032899,0.04234026201389196
2017-04-01,Grocery food,984.884646,-0.02211690406797917
2017-05-01,Fruit and vegetables,1004.112406,0.08197932108008166
2017-05-01,Grocery food,1003.18218,0.018578352372852436
2017-05-01,"Meat, poultry and fish",990.166414,0.022656249051910438
2017-05-01,Non-alcoholic beverages,981.968445,0.0100463684605121
2017-06-01,Fruit and vegetables,1000.0,-0.004095563380580258
2017-06-01,Grocery food,1000.0,-0.003172085851844031
2017-06-01,"Meat, poultry and fish",1000.0,0.009931245759260854
2017-06-01,Non-alcoholic beverages,1000.0,0.018362662356222748
2017-07-01,Non-alcoholic beverages,1003.005259,0.003005259000000038
2017-07-01,"Meat, poultry and fish",992.435704,-0.00756429599999997
2017-07-01,Grocery food,1002.386635,0.002386634999999915
2017-07-01,Fruit and vegetables,990.404387,-0.009595613000000003
2017-08-01,Fruit and vegetables,1022.618232,0.032525951442498924
2017-08-01,Grocery food,1005.568815,0.0031746033804611606
2017-08-01,"Meat, poultry and fish",990.166414,-0.0022865864164838268
2017-08-01,Non-alcoholic beverages,990.984222,-0.011985018914043355
2017-09-01,Non-alcoholic beverages,1013.523666,0.022744503393314464
2017-09-01,Fruit and vegetables,972.583962,-0.04892761387809874
2017-09-01,Grocery food,1014.319809,0.008702531213639508
2017-09-01,"Meat, poultry and fish",988.653555,-0.001527883574528155
2017-11-01,"Meat, poultry and fish",986.384266,-0.0022953328681450946
2017-11-01,Non-alcoholic beverages,1007.513148,-0.0059303183552894545
2017-11-01,Fruit and vegetables,882.796436,-0.09231853444854565
2017-11-01,Grocery food,1011.933174,-0.002352941329572311
2017-12-01,Fruit and vegetables,867.717615,-0.017080745214970383
2017-12-01,Grocery food,999.204455,-0.012578616184392377
2017-12-01,"Meat, poultry and fish",982.602118,-0.003834355565440428
2017-12-01,Non-alcoholic beverages,987.978963,-0.019388516208227125
2018-01-01,"Meat, poultry and fish",1014.0,0.0319538106267343
2018-01-01,Non-alcoholic beverages,1012.0,0.024313308177190462
2018-01-01,Fruit and vegetables,870.0,0.0026303315278437545
2018-01-01,Grocery food,1012.5,0.013306130625688528
2018-02-01,Fruit and vegetables,877.0,0.008045977011494232
2018-02-01,Grocery food,1006.0,-0.006419753086419733
2018-02-01,"Meat, poultry and fish",985.0,-0.02859960552268248
2018-02-01,Non-alcoholic beverages,1005.0,-0.00691699604743079
2018-03-01,Non-alcoholic beverages,1005.0,0.0
2018-03-01,Fruit and vegetables,928.0,0.05815279361459513
2018-03-01,Grocery food,1006.0,0.0
2018-03-01,"Meat, poultry and fish",997.0,0.012182741116751217
2018-04-01,"Meat, poultry and fish",988.0,-0.009027081243731194
2018-04-01,Non-alcoholic beverages,1016.0,0.010945273631840724
2018-04-01,Fruit and vegetables,920.0,-0.008620689655172376
2018-04-01,Grocery food,1010.0,0.003976143141153132
2018-05-01,Fruit and vegetables,902.0,-0.019565217391304346
2018-05-01,Grocery food,1007.0,-0.002970297029702973
2018-05-01,"Meat, poultry and fish",996.0,0.00809716599190291
2018-05-01,Non-alcoholic beverages,1027.0,0.010826771653543288
2018-06-01,Fruit and vegetables,954.0,0.05764966740576494
2018-06-01,Grocery food,999.0,-0.00794438927507446
2018-06-01,"Meat, poultry and fish",994.0,-0.002008032128514081
2018-06-01,Non-alcoholic beverages,1025.0,-0.0019474196689386325
2018-07-01,Non-alcoholic beverages,1043.0,0.017560975609756113
2018-07-01,"Meat, poultry and fish",995.0,0.001006036217303885
2018-07-01,Grocery food,1002.0,0.0030030030030030463
2018-07-01,Fruit and vegetables,977.0,0.024109014675052443
2018-08-01,Fruit and vegetables,956.0,-0.02149437052200609
2018-08-01,Grocery food,1007.0,0.004990019960079861
2018-08-01,"Meat, poultry and fish",981.0,-0.014070351758794009
2018-08-01,Non-alcoholic beverages,1023.0,-0.019175455417066112
2018-09-01,Non-alcoholic beverages,1027.0,0.003910068426197455
2018-09-01,Fruit and vegetables,904.0,-0.05439330543933052
2018-09-01,Grocery food,1016.0,0.008937437934458892
2018-09-01,"Meat, poultry and fish",998.0,0.017329255861366022
2018-11-01,"Meat, poultry and fish",1018.0,0.02004008016032066
2018-11-01,Non-alcoholic beverages,1012.0,-0.014605647517039966
2018-11-01,Fruit and vegetables,824.0,-0.08849557522123896
2018-11-01,Grocery food,1012.0,-0.003937007874015741
2018-12-01,Fruit and vegetables,815.0,-0.01092233009708743
2018-12-01,Grocery food,1013.0,0.000988142292490224
2018-12-01,"Meat, poultry and fish",1020.0,0.0019646365422396617
2018-12-01,Non-alcoholic beverages,986.0,-0.025691699604743046
2019-01-01,Fruit and vegetables,852.5,0.04601226993865026
2019-01-01,Grocery food,1027.5,0.014313919052319823
2019-01-01,"Meat, poultry and fish",1045.0,0.02450980392156854
2019-01-01,Non-alcoholic beverages,1021.5,0.036004056795131856
2019-02-01,Non-alcoholic beverages,1032.0,0.010279001468428861
2019-02-01,"Meat, poultry and fish",1019.0,-0.024880382775119614
2019-02-01,Fruit and vegetables,872.0,0.0228739002932552
2019-02-01,Grocery food,1014.0,-0.013138686131386912
2019-03-01,Fruit and vegetables,904.0,0.03669724770642202
2019-03-01,Grocery food,1020.0,0.00591715976331364
2019-03-01,"Meat, poultry and fish",1006.0,-0.012757605495583912
2019-03-01,Non-alcoholic beverages,1026.0,-0.005813953488372103
2019-04-01,Fruit and vegetables,882.0,-0.02433628318584069
2019-04-01,Grocery food,1022.0,0.0019607843137254832
2019-04-01,"Meat, poultry and fish",1011.0,0.00497017892644136
2019-04-01,Non-alcoholic beverages,1020.0,-0.005847953216374324
2019-05-01,Non-alcoholic beverages,1034.0,0.013725490196078383
2019-05-01,"Meat, poultry and fish",1023.0,0.011869436201780381
2019-05-01,Grocery food,1024.0,0.001956947162426559
2019-05-01,Fruit and vegetables,889.0,0.007936507936507908
2019-06-01,Fruit and vegetables,870.0,-0.021372328458942658
2019-06-01,Grocery food,1017.0,-0.0068359375
2019-06-01,"Meat, poultry and fish",1022.0,-0.0009775171065493637
2019-06-01,Non-alcoholic beverages,1017.0,-0.01644100580270791
2019-07-01,Non-alcoholic beverages,1032.0,0.014749262536873253
2019-07-01,Fruit and vegetables,886.0,0.01839080459770126
2019-07-01,Grocery food,1023.0,0.005899705014749346
2019-07-01,"Meat, poultry and fish",1049.0,0.02641878669275921
2019-08-01,Non-alcoholic beverages,1035.0,0.0029069767441860517
2019-08-01,"Meat, poultry and fish",1059.0,0.009532888465205058
2019-08-01,Grocery food,1027.0,0.003910068426197455
2019-08-01,Fruit and vegetables,912.0,0.02934537246049662
2019-09-01,Non-alcoholic beverages,1047.0,0.011594202898550732
2019-09-01,Fruit and vegetables,895.0,-0.018640350877192957
2019-09-01,Grocery food,1032.0,0.004868549172346581
2019-09-01,"Meat, poultry and fish",1051.0,-0.007554296506137814
2019-11-01,"Meat, poultry and fish",1066.0,0.014272121788772685
2019-11-01,Non-alcoholic beverages,1022.0,-0.02387774594078318
2019-11-01,Fruit and vegetables,827.0,-0.07597765363128495
2019-11-01,Grocery food,1031.0,-0.0009689922480620172
2019-12-01,"Meat, poultry and fish",1063.0,-0.0028142589118198558
2019-12-01,Non-alcoholic beverages,1005.0,-0.016634050880626194
2019-12-01,Fruit and vegetables,844.0,0.02055622732769047
2019-12-01,Grocery food,1021.0,-0.009699321047526688
2020-01-01,Fruit and vegetables,908.0,0.07582938388625582
2020-01-01,Grocery food,1042.5,0.02105778648383927
2020-01-01,"Meat, poultry and fish",1081.5,0.017403574788334986
2020-01-01,Non-alcoholic beverages,1048.0,0.042786069651741254
2020-02-01,Fruit and vegetables,869.0,-0.04295154185022021
2020-02-01,Grocery food,1051.0,0.008153477218225458
2020-02-01,"Meat, poultry and fish",1081.0,-0.000462320850670328
2020-02-01,Non-alcoholic beverages,1027.0,-0.020038167938931317
2020-03-01,Non-alcoholic beverages,1042.0,0.014605647517039966
2020-03-01,"Meat, poultry and fish",1081.0,0.0
2020-03-01,Fruit and vegetables,895.0,0.029919447640966546
2020-03-01,Grocery food,1053.0,0.0019029495718363432
2020-04-01,Fruit and vegetables,906.0,0.012290502793296021
2020-04-01,Grocery food,1065.0,0.01139601139601143
2020-04-01,"Meat, poultry and fish",1074.0,-0.00647548566142464
2020-04-01,Non-alcoholic beverages,1068.0,0.0249520153550864
2020-05-01,Fruit and vegetables,921.0,0.01655629139072845
2020-05-01,Grocery food,1053.0,-0.011267605633802802
2020-05-01,"Meat, poultry and fish",1053.0,-0.019553072625698276
2020-05-01,Non-alcoholic beverages,1042.0,-0.02434456928838946
2020-06-01,Non-alcoholic beverages,1031.0,-0.01055662188099804
2020-06-01,"Meat, poultry and fish",1062.0,0.008547008547008517
2020-06-01,Fruit and vegetables,957.0,0.039087947882736174
2020-06-01,Grocery food,1048.0,-0.0047483380816714105
2020-07-01,Fruit and vegetables,1051.0,0.0982236154649947
2020-07-01,Grocery food,1036.0,-0.011450381679389277
2020-07-01,"Meat, poultry and fish",1067.0,0.00470809792843685
2020-07-01,Non-alcoholic beverages,1047.0,0.015518913676042745
2020-08-01,Non-alcoholic beverages,1046.0,-0.0009551098376313627
2020-08-01,Fruit and vegetables,1084.0,0.03139866793529977
2020-08-01,Grocery food,1043.0,0.006756756756756799
2020-08-01,"Meat, poultry and fish",1062.0,-0.004686035613870709
2020-09-01,Fruit and vegetables,997.0,-0.0802583025830258
2020-09-01,Grocery food,1042.0,-0.0009587727708533222
2020-09-01,"Meat, poultry and fish",1071.0,0.008474576271186418
2020-09-01,Non-alcoholic beverages,1041.0,-0.004780114722753304
2020-11-01,"Meat, poultry and fish",1059.0,-0.011204481792717047
2020-11-01,Non-alcoholic beverages,1040.0,-0.0009606147934678733
2020-11-01,Fruit and vegetables,906.0,-0.09127382146439322
2020-11-01,Grocery food,1036.0,-0.0057581573896353655
2020-12-01,"Meat, poultry and fish",1056.0,-0.0028328611898017497
2020-12-01,Non-alcoholic beverages,1022.0,-0.017307692307692357
2020-12-01,Fruit and vegetables,919.0,0.014348785871964642
2020-12-01,Grocery food,1039.0,0.0028957528957529455
2021-01-01,Non-alcoholic beverages,1041.5,0.019080234833659393
2021-01-01,"Meat, poultry and fish",1084.5,0.026988636363636465
2021-01-01,Fruit and vegetables,980.5,0.06692056583242656
2021-01-01,Grocery food,1065.0,0.025024061597689995
2021-02-01,Fruit and vegetables,913.0,-0.0688424273329934
2021-02-01,Grocery food,1045.0,-0.018779342723004744
2021-02-01,"Meat, poultry and fish",1055.0,-0.02720147533425543
2021-02-01,Non-alcoholic beverages,1036.0,-0.005280844935189655
2021-03-01,Fruit and vegetables,916.0,0.0032858707557503752
2021-03-01,Grocery food,1041.0,-0.003827751196172291
2021-03-01,"Meat, poultry and fish",1049.0,-0.005687203791469142
2021-03-01,Non-alcoholic beverages,1042.0,0.005791505791505891
2021-04-01,"Meat, poultry and fish",1050.0,0.0009532888465204614
2021-04-01,Non-alcoholic beverages,1032.0,-0.009596928982725572
2021-04-01,Fruit and vegetables,960.0,0.048034934497816595
2021-04-01,Grocery food,1051.0,0.009606147934678289
2021-05-01,Fruit and vegetables,959.0,-0.0010416666666667185
2021-05-01,Grocery food,1052.0,0.0009514747859182826
2021-05-01,"Meat, poultry and fish",1055.0,0.004761904761904745
2021-05-01,Non-alcoholic beverages,1045.0,0.012596899224806224
2021-06-01,Non-alcoholic beverages,1038.0,-0.006698564593301426
2021-06-01,"Meat, poultry and fish",1066.0,0.010426540284360186
2021-06-01,Grocery food,1053.0,0.000950570342205248
2021-06-01,Fruit and vegetables,1049.0,0.09384775808133483
2021-07-01,Non-alcoholic beverages,1045.0,0.00674373795761074
2021-07-01,"Meat, poultry and fish",1071.0,0.004690431519699834
2021-07-01,Fruit and vegetables,1103.0,0.05147759771210669
2021-07-01,Grocery food,1064.0,0.010446343779677125
2021-08-01,Fruit and vegetables,1107.0,0.0036264732547597323
2021-08-01,Grocery food,1063.0,-0.0009398496240601295
2021-08-01,"Meat, poultry and fish",1085.0,0.013071895424836555
2021-08-01,Non-alcoholic beverages,1040.0,-0.004784688995215336
2021-09-01,Non-alcoholic beverages,1052.0,0.011538461538461497
2021-09-01,Fruit and vegetables,1090.0,-0.015356820234869062
2021-09-01,Grocery food,1072.0,0.008466603951081897
2021-09-01,"Meat, poultry and fish",1105.0,0.018433179723502224
2021-11-01,Non-alcoholic beverages,1052.0,0.0
2021-11-01,"Meat, poultry and fish",1097.0,-0.007239819004524861
2021-11-01,Fruit and vegetables,957.0,-0.12201834862385319
2021-11-01,Grocery food,1079.0,0.006529850746268551
2021-12-01,"Meat, poultry and fish",1090.0,-0.006381039197812188
2021-12-01,Fruit and vegetables,982.0,0.02612330198537105
2021-12-01,Grocery food,1086.0,0.006487488415199305
2021-12-01,Non-alcoholic beverages,1039.0,-0.012357414448669224
2022-01-01,"Meat, poultry and fish",1170.0,0.07339449541284404
2022-01-01,Non-alcoholic beverages,1094.0,0.052935514918190485
2022-01-01,Grocery food,1139.5,0.04926335174953955
2022-01-01,Fruit and vegetables,1140.0,0.16089613034623218
2022-02-01,Fruit and vegetables,1071.0,-0.06052631578947365
2022-02-01,Grocery food,1101.0,-0.03378674857393593
2022-02-01,"Meat, poultry and fish",1130.0,-0.03418803418803418
2022-02-01,Non-alcoholic beverages,1060.0,-0.031078610603290646
2022-03-01,Non-alcoholic beverages,1070.0,0.009433962264151052
2022-03-01,Fruit and vegetables,1084.0,0.012138188608776801
2022-03-01,Grocery food,1111.0,0.009082652134423164
2022-03-01,"Meat, poultry and fish",1140.0,0.008849557522123908
2022-04-01,Non-alcoholic beverages,1061.0,-0.008411214953271018
2022-04-01,"Meat, poultry and fish",1135.0,-0.004385964912280715
2022-04-01,Fruit and vegetables,1050.0,-0.03136531365313655
2022-04-01,Grocery food,1118.0,0.006300630063006407
2022-05-01,Non-alcoholic beverages,1073.0,0.011310084825636224
2022-05-01,Fruit and vegetables,1055.0,0.004761904761904745
2022-05-01,Grocery food,1130.0,0.01073345259391778
2022-05-01,"Meat, poultry and fish",1129.0,-0.005286343612334821
2022-06-01,"Meat, poultry and fish",1139.0,0.008857395925597977
2022-06-01,Non-alcoholic beverages,1088.0,0.013979496738117492
2022-06-01,Fruit and vegetables,1107.0,0.049289099526066416
2022-06-01,Grocery food,1133.0,0.0026548672566371057
2022-07-01,Non-alcoholic beverages,1093.0,0.004595588235294157
2022-07-01,"Meat, poultry and fish",1153.0,0.012291483757682187
2022-07-01,Fruit and vegetables,1218.0,0.10027100271002709
2022-07-01,Grocery food,1144.0,0.009708737864077666
2022-08-01,Fruit and vegetables,1268.0,0.0410509031198687
2022-08-01,Grocery food,1156.0,0.010489510489510412
2022-08-01,"Meat, poultry and fish",1167.0,0.012142237640936582
2022-08-01,Non-alcoholic beverages,1083.0,-0.009149130832570851
2022-09-01,Non-alcoholic beverages,1103.0,0.01846722068328721
2022-09-01,Fruit and vegetables,1267.0,-0.0007886435331230235
2022-09-01,Grocery food,1155.0,-0.0008650519031141446
2022-09-01,"Meat, poultry and fish",1179.0,0.010282776349614497
2022-11-01,Fruit and vegetables,1144.0,-0.09707971586424624
2022-11-01,Grocery food,1189.0,0.029437229437229373
2022-11-01,"Meat, poultry and fish",1225.0,0.03901611535199323
2022-11-01,Non-alcoholic beverages,1134.0,0.02810516772438798
2022-12-01,Grocery food,1203.0,0.011774600504625754
2022-12-01,"Meat, poultry and fish",1210.0,-0.01224489795918371
2022-12-01,Fruit and vegetables,1211.0,0.05856643356643354
2022-12-01,Non-alcoholic beverages,1115.0,-0.01675485008818345
2023-01-01,Non-alcoholic beverages,1163.5,0.043497757847533736
2023-01-01,"Meat, poultry and fish",1242.0,0.026446280991735627
2023-01-01,Grocery food,1247.0,0.03657522859517881
2023-01-01,Fruit and vegetables,1244.5,0.027663088356729926
2023-02-01,Fruit and vegetables,1318.0,0.059059863398955414
2023-02-01,Grocery food,1235.0,-0.009623095429029727
2023-02-01,"Meat, poultry and fish",1241.0,-0.0008051529790660261
2023-02-01,Non-alcoholic beverages,1156.0,-0.00644606789858182
2023-03-01,"Meat, poultry and fish",1229.0,-0.00966962127316684
2023-03-01,Non-alcoholic beverages,1158.0,0.0017301038062282892
2023-03-01,Fruit and vegetables,1325.0,0.005311077389984931
2023-03-01,Grocery food,1263.0,0.02267206477732797
2023-04-01,Fruit and vegetables,1286.0,-0.02943396226415096
2023-04-01,Grocery food,1275.0,0.009501187648456089
2023-04-01,"Meat, poultry and fish",1243.0,0.011391375101708734
2023-04-01,Non-alcoholic beverages,1146.0,-0.010362694300518172
2023-05-01,Non-alcoholic beverages,1197.0,0.04450261780104703
2023-05-01,Fruit and vegetables,1249.0,-0.028771384136858424
2023-05-01,Grocery food,1274.0,-0.0007843137254901489
2023-05-01,"Meat, poultry and fish",1261.0,0.014481094127111849
2023-06-01,"Meat, poultry and fish",1264.0,0.0023790642347343294
2023-06-01,Non-alcoholic beverages,1194.0,-0.0025062656641604564
2023-06-01,Fruit and vegetables,1350.0,0.08086469175340283
2023-06-01,Grocery food,1278.0,0.0031397174254317317
2023-07-01,Fruit and vegetables,1294.0,-0.04148148148148145
2023-07-01,Grocery food,1280.0,0.0015649452269170805
2023-07-01,"Meat, poultry and fish",1260.0,-0.0031645569620253333
2023-07-01,Non-alcoholic beverages,1193.0,-0.0008375209380234727
2023-08-01,Fruit and vegetables,1337.0,0.033230293663060184
2023-08-01,Grocery food,1279.0,-0.0007812499999999556
2023-08-01,"Meat, poultry and fish",1260.0,0.0
2023-08-01,Non-alcoholic beverages,1182.0,-0.009220452640402388
2023-09-01,Non-alcoholic beverages,1194.0,0.010152284263959421
2023-09-01,"Meat, poultry and fish",1260.0,0.0
2023-09-01,Grocery food,1279.0,0.0
2023-09-01,Fruit and vegetables,1285.0,-0.03889304412864625
2023-11-01,Fruit and vegetables,1199.0,-0.06692607003891049
2023-11-01,Grocery food,1272.0,-0.005473025801407294
2023-11-01,"Meat, poultry and fish",1250.0,-0.007936507936507908
2023-11-01,Non-alcoholic beverages,1200.0,0.005025125628140614
2023-12-01,Non-alcoholic beverages,1176.0,-0.020000000000000018
2023-12-01,Fruit and vegetables,1229.0,0.025020850708924014
2023-12-01,Grocery food,1268.0,-0.0031446540880503138
2023-12-01,"Meat, poultry and fish",1238.0,-0.009600000000000053
2024-01-01,"Meat, poultry and fish",1250.0,0.009693053311793154
2024-01-01,Non-alcoholic beverages,1188.0,0.010204081632652962
2024-01-01,Fruit and vegetables,1253.0,0.01952807160292913
2024-01-01,Grocery food,1289.0,0.016561514195583493
2024-02-01,Grocery food,1283.0,-0.004654771140418901
2024-02-01,"Meat, poultry and fish",1244.0,-0.0048000000000000265
2024-02-01,Fruit and vegetables,1195.0,-0.04628890662410212
2024-02-01,Non-alcoholic beverages,1206.0,0.015151515151515138
